codigo,tipo,via,bairro,latitude,longitude,menor_cota_cm,ordem_curso_dagua,comprimento_osm_m,ordem_visita,o_que_existe (ponte/bueiro/passagem molhada/nada),material,extensao_aprox_m,altura_tabuleiro_ou_via_sobre_leito_m,largura_curso_dagua_m,transitavel_veiculo (sim/nao),transitavel_a_pe (sim/nao),foto_arquivo,data,observacao
P01,ponte do OpenStreetMap,Rua Coronel Rodrigues Portugal,Cabo Luiz Quevedo,-29.772378,-57.097929,952,sem curso d'água mapeado a até 40 m,21.0,15,,,,,,,,,,
P02,ponte do OpenStreetMap,(sem nome no OSM),Jóquei Clube,-29.754183,-57.040373,952,sem curso d'água mapeado a até 40 m,54.0,36,,,,,,,,,,
P03,ponte do OpenStreetMap,Rua General Canabarro,Alexandre Zachia,-29.774216,-57.095731,1205,sem curso d'água mapeado a até 40 m,12.0,8,,,,,,,,,,
P04,ponte do OpenStreetMap,(sem nome no OSM),(área rural),-29.798305,-57.091966,fora,3,40.0,2,,,,,,,,,,
P05,ponte do OpenStreetMap,(sem nome no OSM),(área rural),-29.76565,-57.033807,fora,sem curso d'água mapeado a até 40 m,39.0,38,,,,,,,,,,
T01,travessia sem ponte marcada,(sem nome no OSM),(área rural),-29.814366,-57.126579,1252,4,,1,,,,,,,,,,
T02,travessia sem ponte marcada,Rua General Estilac Leal,Cabo Luiz Quevedo,-29.775392,-57.107121,fora,4,,21,,,,,,,,,,
T03,travessia sem ponte marcada,Rua Monteiro Lobato,Cabo Luiz Quevedo,-29.774609,-57.106883,fora,4,,20,,,,,,,,,,
T04,travessia sem ponte marcada,Rua Padre Anchieta,Cabo Luiz Quevedo,-29.773864,-57.106572,fora,4,,19,,,,,,,,,,
T05,travessia sem ponte marcada,Rua Coronel Rodrigues Portugal,Cabo Luiz Quevedo,-29.772467,-57.105592,1205,4,,18,,,,,,,,,,
T06,travessia sem ponte marcada,Rua Cabo Luiz Quevedo,Cabo Luiz Quevedo,-29.772414,-57.09899,1205,3,,17,,,,,,,,,,
T07,travessia sem ponte marcada,(sem nome no OSM),Cabo Luiz Quevedo,-29.772887,-57.09844,1205,3,,16,,,,,,,,,,
T08,travessia sem ponte marcada,Rua General Hipólito;Rua Marechal Floriano,Francisca Tarragô,-29.764365,-57.097444,1205,4,,22,,,,,,,,,,
T09,travessia sem ponte marcada,Rua General Hipólito;Rua Marechal Floriano,Francisca Tarragô,-29.764055,-57.096395,1205,4,,23,,,,,,,,,,
T10,travessia sem ponte marcada,Rua General Estilac Leal,Alexandre Zachia,-29.77518,-57.096251,1205,4,,7,,,,,,,,,,
T11,travessia sem ponte marcada,Rua Marechal Deodoro,Nova Esperança,-29.763839,-57.095926,1205,4,,24,,,,,,,,,,
T12,travessia sem ponte marcada,Rua Marechal Deodoro,Alexandre Zachia,-29.776268,-57.095701,fora,4,,6,,,,,,,,,,
T13,travessia sem ponte marcada,Rua Senador Salgado Filho,Alexandre Zachia,-29.776592,-57.095489,fora,4,,5,,,,,,,,,,
T14,travessia sem ponte marcada,Travessa José Francisco,Nova Esperança,-29.763327,-57.095121,fora,4,,25,,,,,,,,,,
T15,travessia sem ponte marcada,Rua General Estilac Leal,Alexandre Zachia,-29.775144,-57.094785,1205,3,,9,,,,,,,,,,
T16,travessia sem ponte marcada,Rua Senador Pinheiro Machado,Rio Branco,-29.778002,-57.094422,fora,4,,4,,,,,,,,,,
T17,travessia sem ponte marcada,Rua General Canabarro,Nova Esperança,-29.762598,-57.094403,fora,4,,26,,,,,,,,,,
T18,travessia sem ponte marcada,Rua Eustáquio Ormazabal,Alexandre Zachia,-29.775195,-57.094136,1252,3,,10,,,,,,,,,,
T19,travessia sem ponte marcada,Rua Eustáquio Ormazabal,Rio Branco,-29.778351,-57.09408,fora,4,,3,,,,,,,,,,
T20,travessia sem ponte marcada,Rua Iris Ferrari Valls,Alexandre Zachia,-29.775188,-57.092545,fora,3,,11,,,,,,,,,,
T21,travessia sem ponte marcada,Rua General Estilac Leal,Alexandre Zachia,-29.775094,-57.091685,fora,3,,12,,,,,,,,,,
T22,travessia sem ponte marcada,Rua General Vitorino,Alexandre Zachia,-29.775082,-57.090996,fora,3,,13,,,,,,,,,,
T23,travessia sem ponte marcada,Rua General Estilac Leal,Alexandre Zachia,-29.775078,-57.089863,fora,3,,14,,,,,,,,,,
T24,travessia sem ponte marcada,Rua General Bento Martins,Santana,-29.755358,-57.072224,fora,4,,30,,,,,,,,,,
T25,travessia sem ponte marcada,Rua Santana,Santana,-29.75681,-57.072054,fora,4,,29,,,,,,,,,,
T26,travessia sem ponte marcada,Rua Senador Feliano Ribeiro,Santana,-29.757282,-57.071983,fora,4,,28,,,,,,,,,,
T27,travessia sem ponte marcada,Rua Senador Feliano Ribeiro,Santana,-29.75436,-57.071967,1205,4,,31,,,,,,,,,,
T28,travessia sem ponte marcada,Avenida Presidente Getúlio Vargas,Santana,-29.758187,-57.071875,fora,4,,27,,,,,,,,,,
T29,travessia sem ponte marcada,Rua Tiradentes,Santo Antônio,-29.7539,-57.071753,1205,4,,32,,,,,,,,,,
T30,travessia sem ponte marcada,Avenida Ministro Assis Brasil,Jóquei Clube,-29.751387,-57.071193,fora,4,,34,,,,,,,,,,
T31,travessia sem ponte marcada,Rua Monte Caseros,Santo Antônio,-29.752429,-57.071108,1205,4,,33,,,,,,,,,,
T32,travessia sem ponte marcada,(sem nome no OSM),Jóquei Clube,-29.754046,-57.041646,1205,3,,35,,,,,,,,,,
T33,travessia sem ponte marcada,Avenida Ministro Assis Brasil,Jóquei Clube,-29.76555,-57.034691,fora,3,,37,,,,,,,,,,
