id,referencia,tipo,url_origem,url_arquivo,arquivo,modo,filtro,conferir,sha256_local,comparar_com,situacao_fixa,observacao
D001,Defesa Civil do RS; Rhama Analysis; Simepar. Manchas de inundação — Município de Uruguaiana — Rio Uruguai (2025),mapa,https://www.defesacivil.rs.gov.br/manchas-de-inundacao,,manchas-inundacao_defesacivil-rs-rhama_2025,local,,Uruguaiana;inundação,a8b19bf73ac5901c18d8326307304bb502a52318afc97cdfbfb147b8133abaac,,,
D002,"AIMON, J. G. S. Análise espaço-temporal do risco à inundação na área urbana do município de Uruguaiana/RS. Dissertação (Mestrado em Geografia) — UFSM, 2017",dissertação,,,dissertacao_aimon-ufsm_2017,local,,Aimon;risco à inundação,a5992303ffdfd2f3c6eec0e9cb6df087efd5d4756041930b100c04668d26bdba,,,
D003,"RIGHI, E. Metodologia para zoneamento de risco a inundações graduais. Tese (Doutorado em Geografia) — UFRGS, 2016",tese,,,tese_righi-ufrgs_2016,local,,Righi;zoneamento de risco,9a157cf69cbf625ee5dcdbb214af833980f4826b53bf5f6d9659cee2913ee477,,,
D004,"MOREIRA; RAMPINELLI; MAIA. Trabalho no Encontro Nacional de Desastres (END), 2018",artigo em anais,,,artigo_moreira-rampinelli-maia_end_2018,local,,Moreira;Rampinelli;Maia,89ccccfb2f737ebd4a9a98d291bc83a146703c345ddc78f373f3ae9a9d78fa50,,,
D005,SGB. Relatório das manchas de inundação de Uruguaiana (2023),relatório técnico,https://rigeo.sgb.gov.br/handle/doc/24616,,relatorio-manchas-inundacao_sgb_2023,local,,mancha;Uruguaiana,45b3feae2d046305edc642876b704b79f629b8a6101e69137827fc90a49e8834,,,
D006,"SGB. Análise de frequência de cotas, Uruguaiana (2022)",relatório técnico,https://rigeo.sgb.gov.br/handle/doc/22872,,analise-frequencia-cotas_sgb_2022,local,,frequência;cotas;Uruguaiana,887bc5da44734648a95444bcb88a8f20875f5e8d0d33b798ca0a4272d18d506f,,,
D007,ANA. Nota Técnica nº 5 (2025),nota técnica,,,nota-tecnica-5_ana_2025,local,,Nota Técnica,3a28803c6c1ea376651cd4ad3e316fc0853af4c05e48cf01883e0de0ee37a311,,,
D008,ANA. Atlas de Risco a Inundações do RS — mapa de resultados (2025),mapa,,,atlas-risco-inundacoes-rs_mapa_ana_2025,local,,risco;inundações,f5a9cc07f682785d2228807e089a363900436d67f978ca82a38ca3a1dbe9f079,,,
D009,ANA. Atlas de Risco a Inundações do RS — planilha (2025),planilha,,,atlas-risco-inundacoes-rs_planilha_ana_2025,local,,,959a80879fa7e9c3e20a3932ca09faa694bee9da9b12441df264d684d8a7ed14,,,
D010,ANA. Atlas de Risco a Inundações do RS — dicionário de dados (2025),documento,,,atlas-risco-inundacoes-rs_dicionario_ana_2025,local,,,41dc407aa150d1701177d3e9f93c878b02f0071abd44636fc09aa9f4640dfa5f,,,
D011,"YOSUF; SIGARAN; MELO. Livro (2025), ISBN 978-613-9-63058-5",livro,,,livro_yosuf-sigaran-melo_2025,local,,Yosuf;Sigaran;Melo,2f7ce10f93c00383e8106133f2fdff8a2e3c63f8b3e052665f003f02b4ee3f0b,,,
D012,Prefeitura de Uruguaiana. Mapa urbano (2017),mapa,,,mapa-urbano_prefeitura-uruguaiana_2017,local,,Uruguaiana,ac730b5515734924864ff3394661e5bb838b96b54276c96c8175db8464bb12d4,,,
D013,MARCUZZO; SILVA; MENDES (2024). Zeros ortométricos das estações do RS e de SC. SGB,nota técnica,https://rigeo.sgb.gov.br/server/api/core/bitstreams/674f67d0-87a7-4f75-bdae-0f2dabb5f678/content,,nota-tecnica_zeros-ortometricos_sgb_2024,arquivo,,Marcuzzo;ortométric,,,,
D014,"MARCUZZO; PINTO (2022). Análise de frequência de vazões, estação 77150000. SGB",relatório técnico,https://rigeo.sgb.gov.br/bitstreams/e9b5ff1a-a9a6-4c71-a418-62d78a58cb62/download,,analise-frequencia-vazoes_sgb_2022,arquivo,,Marcuzzo;vazões;77150000,,,,registro: https://rigeo.sgb.gov.br/items/b42657ee-8e9a-4394-9955-00a88c01f92e
D015,MATTIUZI; MATOS (2023). Relatório de operação do sistema de alerta hidrológico da bacia do rio Uruguai. SGB,relatório técnico,https://rigeo.sgb.gov.br/server/api/core/bitstreams/54adf121-0c5a-4453-ab98-db1f062c590e/content,,relatorio-sah-uruguai_sgb_2023,arquivo,,Mattiuzi;alerta,,,,
D016,MATTIUZI; BUFFON (2020). Relatório anual do sistema de alerta hidrológico da bacia do rio Uruguai. SGB,relatório técnico,https://rigeo.sgb.gov.br/handle/doc/21922,,relatorio-sah-uruguai_sgb_2020,arquivo,,Mattiuzi;Buffon;alerta,,,,
D017,NAITZEL; GOLDENFUM; MARCUZZO (2020). Recuperação de dados históricos. Simpósio de Recursos Hídricos do Nordeste,artigo em anais,https://anais.abrhidro.org.br/job.php?Job=6735,,artigo_naitzel-goldenfum-marcuzzo_srhne_2020,arquivo,,Naitzel;Goldenfum;Marcuzzo,,,,
D018,BUFFON; ROLIM; MARCUZZO (2019). Seções transversais na bacia do rio Uruguai. Simpósio Brasileiro de Recursos Hídricos,artigo em anais,https://rigeo.sgb.gov.br/handle/doc/21529,,artigo_buffon-rolim-marcuzzo_sbrh_2019,arquivo,,Buffon;Rolim;Marcuzzo,,,,
D019,MARCUZZO; MALDONADO; SOUZA (2019). Curva-chave com histerese. Simpósio Brasileiro de Recursos Hídricos,artigo em anais,https://rigeo.sgb.gov.br/handle/doc/21532,,artigo_marcuzzo-maldonado-souza_sbrh_2019,arquivo,,Marcuzzo;Maldonado;histerese,,,,
D020,"FINCK, J. S. Estudo preliminar de sistema de alerta para a parte brasileira da bacia do rio Uruguai utilizando modelo de previsão cota-cota. Trabalho de conclusão de curso — IPH, UFRGS, 2018",trabalho de conclusão,https://lume.ufrgs.br/handle/10183/179893,https://lume.ufrgs.br/bitstream/10183/179893/1/001069318.pdf,tcc_finck-ufrgs_2018,arquivo,,Finck;cota-cota,,,,
D021,GERMANO et al. (2022). Relatório das manchas de inundação de Alegrete. SGB,relatório técnico e vetores,https://rigeo.sgb.gov.br/handle/doc/23398,,relatorio-manchas-inundacao-alegrete_sgb_2022,todos,,Germano;Alegrete,,,,baixar o PDF e os vetores do registro
D022,SILVA (2016). Planície de inundação do rio Caí em Montenegro. SGB,relatório técnico,https://rigeo.sgb.gov.br/items/ed16ab5b-033f-49dc-b294-607c51dd7914,,relatorio-planicie-inundacao-cai-montenegro_sgb_2016,arquivo,,Montenegro;Caí,,,,
D023,Registro do repositório do SGB: análise de frequência de cotas (2022),registro (conferência),https://rigeo.sgb.gov.br/handle/doc/22872,,registro_analise-frequencia-cotas_sgb_2022,todos,,frequência;cotas,,D006,,só conferir: comparar o sha256 com D006
D024,Registro do repositório do SGB: relatório das manchas de inundação (2023),registro (conferência),https://rigeo.sgb.gov.br/handle/doc/24616,,registro_relatorio-manchas_sgb_2023,todos,,mancha;Uruguaiana,,D005,,só conferir: comparar com D005 e baixar os outros arquivos do registro
D025,"HOELZEL; LAMBERTY (2014). Setorização de áreas de risco, Uruguaiana. SGB",relatório técnico,https://rigeo.sgb.gov.br/handle/doc/20144,,relatorio-setorizacao-risco_sgb_2014,todos,,Hoelzel;Lamberty;Uruguaiana;risco,,,,baixar todos os arquivos do registro
D026,RIGHI; BASSO (2018). Síntese da tese. Encontro Nacional de Desastres,artigo em anais,https://anais.abrhidro.org.br/job.php?Job=3739,,artigo_righi-basso_end_2018,arquivo,,Righi;Basso,,,,
D027,SOUZA et al. (2017). Padrões meteorológicos e morfológicos. Revista Brasileira de Cartografia,artigo,https://seer.ufu.br/index.php/revistabrasileiracartografia/article/view/44323,,artigo_souza-et-al_rbc_2017,arquivo,,Souza;Uruguaiana,,,,
D028,"RIGHI; ROBAINA (2010). Enchentes do rio Uruguai, 1980–2005. Sociedade & Natureza",artigo,https://seer.ufu.br/index.php/sociedadenatureza/article/view/9973,,artigo_righi-robaina_sociedade-natureza_2010,arquivo,,Righi;Robaina,,,,
D029,"RECKZIEGEL (2007). Desastres no RS, 1980–2005. Dissertação — UFSM",dissertação,https://repositorio.ufsm.br/handle/1/9268,,dissertacao_reckziegel-ufsm_2007,partes,,Reckziegel,,,,"o texto está em nove arquivos no registro (partes 1 a 9, na ordem do registro)"
D030,KUREK (2012). Tempo de retorno no Vale do Taquari. Trabalho de conclusão de curso — Univates,trabalho de conclusão,https://www.univates.br/bduserver/api/core/bitstreams/c196ae69-656f-40fa-8b9a-9f894dadeb01/content,,tcc_kurek-univates_2012,arquivo,,Kurek,,,,
D031,"AIMON, J. G. S. Estudo do perigo à inundação da área edificada do município de Barra do Quaraí/RS utilizando aerofotogrametria com aeronaves remotamente pilotadas. Tese (Doutorado em Geografia) — UFSM, 2023",tese,https://repositorio.ufsm.br/handle/1/30800,,tese_aimon-ufsm_2023,arquivo,,Aimon;Barra do Quaraí,,,,"tese de doutorado; arquivo renomeado em 2026-10-03 (antes: dissertacao_barra-do-quarai-ufsm), sem mudança de conteúdo (mesmo sha256)"
D032,MIERES et al. (2025). Área diretamente atingida em maio de 2024. Boletim Geográfico do Rio Grande do Sul,artigo,https://revistas.planejamento.rs.gov.br/index.php/boletim-geografico-rs/article/download/4637/4233/26789,,artigo_mieres-et-al_boletim-geografico-rs_2025,arquivo,,Mieres;diretamente atingida,,,,
D033,"DEE-RS. Nota Técnica nº 103, de 11 de dezembro de 2024: elaboração do Mapa Único do Plano Rio Grande (MUPRS)",nota técnica,https://dee.rs.gov.br/upload/arquivos/202505/14104415-nt-dee-103-elaboracao-do-mapa-unico-do-plano-rio-grande-muprs-1-1.pdf,,nota-tecnica-103_dee-rs_2024,arquivo,,Plano Rio Grande;mapa único,,,,"a nota é de 11 de dezembro de 2024; arquivo renomeado em 2026-10-03 (antes: nota-tecnica-103_dee-rs_2025), sem mudança de conteúdo (mesmo sha256)"
D034,IBGE (2018). População em áreas de risco no Brasil,publicação,https://www.ibge.gov.br/geociencias/informacoes-ambientais/estudos-ambientais/21538-populacao-em-areas-de-risco-no-brasil.html,https://biblioteca.ibge.gov.br/visualizacao/livros/liv101589.pdf,publicacao_populacao-areas-de-risco_ibge_2018,arquivo,biblioteca\.ibge\.gov\.br.*\.pdf|liv\d+\.pdf,áreas de risco;População,,,,endereço direto do PDF da publicação (a página de origem recusa o pedido)
D035,"ARAÚJO et al. (2019). Itaqui, modelo de terreno calibrado. Natural Hazards and Earth System Sciences",artigo,https://nhess.copernicus.org/articles/19/237/2019/,,artigo_araujo-et-al_nhess_2019,arquivo,,Itaqui;flood,,,,
D036,"SILVA et al. (2020). Itaqui, cheias de 1983 e 2017. Anuário do Instituto de Geociências",artigo,https://revistas.ufrj.br/index.php/aigeo/article/view/37233,,artigo_silva-et-al_anuario-igeo_2020,arquivo,,Itaqui,,,,
D037,ALVES et al. (2020). Comparação de métodos de mapeamento de inundação. REGET,artigo,https://periodicos.ufsm.br/reget/article/view/62697,,artigo_alves-et-al_reget_2020,arquivo,,Alves;inunda,,,,
D038,MENGUE et al. (2016). Modelo HAND. Pesquisas em Geociências,artigo,https://seer.ufrgs.br/PesquisasemGeociencias/article/view/78191,,artigo_mengue-et-al_pesquisas-geociencias_2016,arquivo,,Mengue;HAND,,,,
D039,SAUERESSIG (2012). Itaqui. Dissertação — UFSM,dissertação,https://repositorio.ufsm.br/handle/1/9362,,dissertacao_saueressig-ufsm_2012,arquivo,,Saueressig,,,,
D040,"SAUERESSIG, S. R.; ROBAINA, L. E. S. Zoneamento das áreas de risco a inundação da área urbana de Itaqui-RS. Boletim Gaúcho de Geografia, v. 42, n. 2, p. 672-687, maio 2015",artigo,https://seer.ufrgs.br/index.php/bgg/article/view/41397,,artigo_saueressig_boletim-gaucho-geografia,arquivo,,Saueressig,,,,a folha de rosto da revista traz os autores na ordem inversa (Robaina & Saueressig)
D041,"RIGHI, E. Risco a inundação em médio curso do Rio Uruguai: um estudo de caso nos municípios de Porto Lucena e São Borja. Dissertação — UFRGS, 2011",dissertação,https://lume.ufrgs.br/handle/10183/32566,https://lume.ufrgs.br/bitstream/10183/32566/1/000782538.pdf,dissertacao_righi-ufrgs_2011,arquivo,,Righi;Porto Lucena,,,,"endereço do registro corrigido em 2026-10-03 (o anterior, handle 10183/202060, é o da tese de D057)"
D042,PRINA (2015). Jaguari. Dissertação — UFSM,dissertação,https://repositorio.ufsm.br/handle/1/9452,https://repositorio.ufsm.br/bitstream/handle/1/9452/PRINA%2c%20BRUNO%20ZUCUNI.pdf?sequence=1&isAllowed=y,dissertacao_prina-ufsm_2015,arquivo,,Prina,,,,
D043,DINAGUA (2012). Mapa de riesgo de inundación de Bella Unión,mapa,https://sit.mvot.gub.uy/docs/instrumentos/5157/Mapa%20de%20Riesgo%20Bella%20Uni%C3%B3n_foto%20%C3%A1erea.pdf,,mapa-risco-inundacion-bella-union_dinagua_2012,arquivo,,Bella Uni;Riesgo,,,,
D044,Uruguaiana. Lei Complementar nº 3/2014 (Plano Diretor) — texto,lei,https://sapl.uruguaiana.rs.leg.br/media/sapl/public/normajuridica/2014/3571/3571_texto_integral.pdf,,plano-diretor_lc-3-2014_texto,arquivo,,Plano Diretor;Lei Complementar,,,,
D045,"Uruguaiana. Lei Complementar nº 3/2014 — Mapa 10, modelo espacial urbano",mapa,https://sapl.uruguaiana.rs.leg.br/media/sapl/public/anexonormajuridica/2014/11/mapa_10_-_modelo_espacial_urb_2013_plot_cv_selo.pdf,,plano-diretor_lc-3-2014_mapa-10,arquivo,,modelo espacial;Mapa 10,,,,
D046,"Prefeitura de Uruguaiana. Página do Plano Diretor, com mapas e anexos",página e anexos,https://www.uruguaiana.rs.gov.br/portal/servicos/1279/plano-diretor/,,plano-diretor_pagina-prefeitura,todos,,,,,,salvar a página e baixar todos os mapas e anexos ligados nela
D047,Defesa Civil do RS. Edital 9114/2025,edital e anexos,https://www.compras.rs.gov.br/editais/9114_2025/331384,,edital-9114-2025_defesacivil-rs,todos,,,,,,salvar a página do edital e baixar todos os anexos
D048,Defesa Civil do RS (2025). Termo de referência: previsão de eventos hidrológicos críticos,termo de referência,https://www.compras.rs.gov.br/anexos/777787-5b8c735bdd3d2d1d411a0099895ad1b9d0bad2876cb478f48a1a3b2cf2cf01e0,,termo-referencia_previsao-eventos-hidrologicos_defesacivil-rs_2025,arquivo,,hidrológic;Termo de Referência,,,,
D049,Defesa Civil do RS. Página das manchas de inundação,página e mapa,https://www.defesacivil.rs.gov.br/manchas-de-inundacao,,pagina-manchas-inundacao_defesacivil-rs,todos,(?i)uruguaiana,Uruguaiana,,D001,,salvar a página; baixar o PDF do município publicado hoje e comparar com D001
D050,ANA (2025). Atlas de Risco a Inundações do RS — metadado,metadado e dados,https://metadados.snirh.gov.br/geonetwork/srv/api/records/62980619-ed9f-44f3-910c-2177af70c73a,,atlas-risco-inundacoes-rs_metadado_ana_2025,todos,,,,,,salvar o metadado e baixar os arquivos que ele anuncia (planilhas e shapefiles)
D051,"ANA (2025). Atlas de Risco a Inundações — apresentação da reunião da região Sul, 17/12/2025",apresentação,https://www.gov.br/ana/pt-br/assuntos/monitoramento-e-eventos-criticos/eventos-criticos/apresentacoes-das-reunioes/reuniao_regiaosul_17122025_atlas_inundacoes.pdf,,atlas-risco-inundacoes_apresentacao_ana_2025,arquivo,,Atlas;Inundações,,,,
D052,Portaria Interministerial nº 1/2013,portaria,https://www.gov.br/cidades/pt-br/acesso-a-informacao/institucional/base-juridica/secretaria-nacional-de-habitacao,http://pesquisa.in.gov.br/imprensa/jsp/visualiza/index.jsp?data=25/07/2013&jornal=1&pagina=28&totalArquivos=104,portaria-interministerial-1-2013,todos,"(?i)interministerial.{0,40}\b0*1\b.{0,40}2013|interministerial[-_ ]n?[-_ ]?0*1[-_ ].*2013",Portaria Interministerial,,,recusado pelo site,"endereço direto: página 28 da seção 1 do Diário Oficial da União de 25/07/2013; se vier só a moldura do visualizador, a página é guardada"
D053,SGB. Boletim do sistema de alerta hidrológico da bacia do rio Uruguai (último boletim),boletim,https://www.sgb.gov.br/sace/uruguai/ultimo_boletim.php,,boletim-sah-uruguai_sgb_{data},todos,,Uruguai;boletim,,,,"salvar a página do último boletim e o PDF, com a data no nome"
D054,SGB. Página das manchas de inundação da bacia do rio Uruguai,página e arquivos,https://www.sgb.gov.br/sace/index_manchas_inundacao.php?getbacia=buruguai,,pagina-manchas-bacia-uruguai_sgb,todos,(?i)uruguaiana,,,,,salvar a página e baixar os arquivos do município ligados nela
D055,"TUCCI, C. E. M.; LOPES, M. S. Zoneamento das áreas de inundação: Rio Uruguai. Revista Brasileira de Engenharia: Caderno de Recursos Hídricos, v. 3, n. 1, p. 19-45, 1985",artigo,,,,nenhum,,,,,não localizado,sem endereço
D056,"MENEZES, D. J.; SCCOTI, A. A. V. Inventário de registro de inundações no estado do Rio Grande do Sul entre 1980 e 2010. In: ROBAINA; TRENTIN (org.). Desastres naturais no Rio Grande do Sul. Santa Maria: Ed. UFSM, 2013. p. 163-182",capítulo de livro,,,,nenhum,,,,,pago,sem endereço; livro à venda
D057,"SILVEIRA, G. V. Análise das inundações no médio curso do rio Uruguai - RS. Tese — UFRGS, 2019",tese,https://lume.ufrgs.br/handle/10183/202060,https://lume.ufrgs.br/bitstream/10183/202060/1/001107257.pdf,tese_silveira-ufrgs_2019,arquivo,,Silveira;médio curso,,,,
D058,"Uruguaiana. Lei nº 2.889, de 17 de maio de 1999 (divisão geográfica dos bairros) — texto",lei,https://sapl.uruguaiana.rs.leg.br/media/sapl/public/normajuridica/1999/1617/1617_texto_integral.pdf,,lei-2889-1999_divisao-dos-bairros_texto,arquivo,,2.889;divisão geográfica,,,,26 bairros com o limite descrito por ruas; sem mapa; revoga a Lei nº 2.621/95; PDF gerado em 2012; não verificado se houve alteração posterior
