id,referencia,tipo,url_origem,url_arquivo,arquivo,tamanho_bytes,sha256,paginas,data_download,situacao,titulo_confere,observacao
D001,Defesa Civil do RS; Rhama Analysis; Simepar. Manchas de inundação — Município de Uruguaiana — Rio Uruguai (2025),mapa,https://www.defesacivil.rs.gov.br/manchas-de-inundacao,cópia local do responsável,documentos/manchas-inundacao_defesacivil-rs-rhama_2025.pdf,18119296,a8b19bf73ac5901c18d8326307304bb502a52318afc97cdfbfb147b8133abaac,5,2026-10-03,já tínhamos,sim,
D002,"AIMON, J. G. S. Análise espaço-temporal do risco à inundação na área urbana do município de Uruguaiana/RS. Dissertação (Mestrado em Geografia) — UFSM, 2017",dissertação,,cópia local do responsável,documentos/dissertacao_aimon-ufsm_2017.pdf,7572263,a5992303ffdfd2f3c6eec0e9cb6df087efd5d4756041930b100c04668d26bdba,109,2026-10-03,já tínhamos,sim,
D003,"RIGHI, E. Metodologia para zoneamento de risco a inundações graduais. Tese (Doutorado em Geografia) — UFRGS, 2016",tese,,cópia local do responsável,documentos/tese_righi-ufrgs_2016.pdf,32265981,9a157cf69cbf625ee5dcdbb214af833980f4826b53bf5f6d9659cee2913ee477,196,2026-10-03,já tínhamos,sim,
D004,"MOREIRA; RAMPINELLI; MAIA. Trabalho no Encontro Nacional de Desastres (END), 2018",artigo em anais,,cópia local do responsável,documentos/artigo_moreira-rampinelli-maia_end_2018.pdf,894720,89ccccfb2f737ebd4a9a98d291bc83a146703c345ddc78f373f3ae9a9d78fa50,9,2026-10-03,já tínhamos,sim,
D005,SGB. Relatório das manchas de inundação de Uruguaiana (2023),relatório técnico,https://rigeo.sgb.gov.br/handle/doc/24616,cópia local do responsável,documentos/relatorio-manchas-inundacao_sgb_2023.pdf,3451466,45b3feae2d046305edc642876b704b79f629b8a6101e69137827fc90a49e8834,25,2026-10-03,já tínhamos,sim,
D006,"SGB. Análise de frequência de cotas, Uruguaiana (2022)",relatório técnico,https://rigeo.sgb.gov.br/handle/doc/22872,cópia local do responsável,documentos/analise-frequencia-cotas_sgb_2022.pdf,3772649,887bc5da44734648a95444bcb88a8f20875f5e8d0d33b798ca0a4272d18d506f,42,2026-10-03,já tínhamos,sim,
D007,ANA. Nota Técnica nº 5 (2025),nota técnica,,cópia local do responsável,documentos/nota-tecnica-5_ana_2025.pdf,3038898,3a28803c6c1ea376651cd4ad3e316fc0853af4c05e48cf01883e0de0ee37a311,21,2026-10-03,já tínhamos,sim,
D008,ANA. Atlas de Risco a Inundações do RS — mapa de resultados (2025),mapa,,cópia local do responsável,documentos/atlas-risco-inundacoes-rs_mapa_ana_2025.pdf,4490882,f5a9cc07f682785d2228807e089a363900436d67f978ca82a38ca3a1dbe9f079,1,2026-10-03,já tínhamos,sim,
D009,ANA. Atlas de Risco a Inundações do RS — planilha (2025),planilha,,cópia local do responsável,documentos/atlas-risco-inundacoes-rs_planilha_ana_2025.xlsx,101029,959a80879fa7e9c3e20a3932ca09faa694bee9da9b12441df264d684d8a7ed14,,2026-10-03,já tínhamos,não se aplica,
D010,ANA. Atlas de Risco a Inundações do RS — dicionário de dados (2025),documento,,cópia local do responsável,documentos/atlas-risco-inundacoes-rs_dicionario_ana_2025.docx,31893,41dc407aa150d1701177d3e9f93c878b02f0071abd44636fc09aa9f4640dfa5f,,2026-10-03,já tínhamos,não se aplica,
D011,"YOSUF; SIGARAN; MELO. Livro (2025), ISBN 978-613-9-63058-5",livro,,cópia local do responsável,documentos/livro_yosuf-sigaran-melo_2025.pdf,2147203,2f7ce10f93c00383e8106133f2fdff8a2e3c63f8b3e052665f003f02b4ee3f0b,215,2026-10-03,já tínhamos,sim,
D012,Prefeitura de Uruguaiana. Mapa urbano (2017),mapa,,cópia local do responsável,documentos/mapa-urbano_prefeitura-uruguaiana_2017.pdf,1704891,ac730b5515734924864ff3394661e5bb838b96b54276c96c8175db8464bb12d4,1,2026-10-03,já tínhamos,sim,
D013,MARCUZZO; SILVA; MENDES (2024). Zeros ortométricos das estações do RS e de SC. SGB,nota técnica,https://rigeo.sgb.gov.br/server/api/core/bitstreams/674f67d0-87a7-4f75-bdae-0f2dabb5f678/content,https://rigeo.sgb.gov.br/server/api/core/bitstreams/674f67d0-87a7-4f75-bdae-0f2dabb5f678/content,documentos/nota-tecnica_zeros-ortometricos_sgb_2024.pdf,436456,ad51145df0e68a3910650bef975a0a387ac6d082d1a5d36777997ebace1859a2,4,2026-10-03,baixado,sim,
D014,"MARCUZZO; PINTO (2022). Análise de frequência de vazões, estação 77150000. SGB",relatório técnico,https://rigeo.sgb.gov.br/bitstreams/e9b5ff1a-a9a6-4c71-a418-62d78a58cb62/download,https://rigeo.sgb.gov.br/server/api/core/bitstreams/e9b5ff1a-a9a6-4c71-a418-62d78a58cb62/content,documentos/analise-frequencia-vazoes_sgb_2022.pdf,4157321,1e92e6b75a24e59ad95b5d1f990a7c43032b57970cb6fea1b7240ec282730d6d,46,2026-10-03,baixado,sim,registro: https://rigeo.sgb.gov.br/items/b42657ee-8e9a-4394-9955-00a88c01f92e
D015,MATTIUZI; MATOS (2023). Relatório de operação do sistema de alerta hidrológico da bacia do rio Uruguai. SGB,relatório técnico,https://rigeo.sgb.gov.br/server/api/core/bitstreams/54adf121-0c5a-4453-ab98-db1f062c590e/content,https://rigeo.sgb.gov.br/server/api/core/bitstreams/54adf121-0c5a-4453-ab98-db1f062c590e/content,documentos/relatorio-sah-uruguai_sgb_2023.pdf,4938705,efaac10e8da0d074189c6f735d0f319b56a58f13c08f6da7b3c2064a0896b46c,45,2026-10-03,baixado,sim,
D016,MATTIUZI; BUFFON (2020). Relatório anual do sistema de alerta hidrológico da bacia do rio Uruguai. SGB,relatório técnico,https://rigeo.sgb.gov.br/handle/doc/21922,https://rigeo.sgb.gov.br/items/87d667a6-8412-42c9-8e41-1fd772a2d8fa,documentos/relatorio-sah-uruguai_sgb_2020_pagina.html,460718,0bf795b3388ec58dfce64dbd4f08d32c53a57811e967b6ffaf92addd95adbf37,,2026-10-03,baixado,não se aplica,página salva como prova do que estava publicado
D016,MATTIUZI; BUFFON (2020). Relatório anual do sistema de alerta hidrológico da bacia do rio Uruguai. SGB,relatório técnico,https://rigeo.sgb.gov.br/handle/doc/21922,https://rigeo.sgb.gov.br/server/api/core/bitstreams/7e30b389-66c7-42c9-a473-bea20d3adeea/content,documentos/relatorio-sah-uruguai_sgb_2020.pdf,3448692,6afeb5eeb45f0ffe2a74e83ab629368c4dd130a1db201d235f1b671b209850dc,16,2026-10-03,baixado,sim,nome no servidor: relatorio_anual_sah_uruguai_2020.pdf
D017,NAITZEL; GOLDENFUM; MARCUZZO (2020). Recuperação de dados históricos. Simpósio de Recursos Hídricos do Nordeste,artigo em anais,https://anais.abrhidro.org.br/job.php?Job=6735,https://anais.abrhidro.org.br/job.php?Job=6735,documentos/artigo_naitzel-goldenfum-marcuzzo_srhne_2020_pagina.html,93414,00d9fbb4698729f2c0b57efa865c57433e7fdcc2ce4ed35ac35d677160ee1bbd,,2026-10-03,baixado,não se aplica,página salva como prova do que estava publicado
D017,NAITZEL; GOLDENFUM; MARCUZZO (2020). Recuperação de dados históricos. Simpósio de Recursos Hídricos do Nordeste,artigo em anais,https://anais.abrhidro.org.br/job.php?Job=6735,https://files.abrhidro.org.br/Eventos/Trabalhos/130/XV-SRHNE0050-1-20200706-161858.pdf,documentos/artigo_naitzel-goldenfum-marcuzzo_srhne_2020.pdf,544803,452f6075a3bbc2bd0e3ffc758ed9d4bf4aedfa1c60881bb9df302f9d51977c4d,10,2026-10-03,baixado,sim,nome no servidor: XV-SRHNE0050-1-20200706-161858.pdf
D018,BUFFON; ROLIM; MARCUZZO (2019). Seções transversais na bacia do rio Uruguai. Simpósio Brasileiro de Recursos Hídricos,artigo em anais,https://rigeo.sgb.gov.br/handle/doc/21529,https://rigeo.sgb.gov.br/items/d5bff791-0d1d-4d69-ae1f-d9f26314a83f,documentos/artigo_buffon-rolim-marcuzzo_sbrh_2019_pagina.html,509370,d35b8a3d90e5a0a711782ffd0b36c0c19a85dc177dd82ff67dd6d302e7ee430b,,2026-10-03,baixado,não se aplica,página salva como prova do que estava publicado
D018,BUFFON; ROLIM; MARCUZZO (2019). Seções transversais na bacia do rio Uruguai. Simpósio Brasileiro de Recursos Hídricos,artigo em anais,https://rigeo.sgb.gov.br/handle/doc/21529,https://rigeo.sgb.gov.br/server/api/core/bitstreams/b3b70990-ebe6-4d0e-a2de-7038245c058f/content,documentos/artigo_buffon-rolim-marcuzzo_sbrh_2019.pdf,1193219,eccf574b6472607b08d516b51d55bd412e7a905a536510d377c2f1e4bb13c647,10,2026-10-03,baixado,sim,nome no servidor: =?UTF-8?Q?2019_-_XXIII_SBRH_-_CARACTER=C3=8DSTICAS_DAS_SE=C3=87=C3=95ES_T?= =?UTF-8?Q?RANSVERSAIS_NA_BACIA_DO_RIO_URUGUAI_-_REV_02.pdf?=
D019,MARCUZZO; MALDONADO; SOUZA (2019). Curva-chave com histerese. Simpósio Brasileiro de Recursos Hídricos,artigo em anais,https://rigeo.sgb.gov.br/handle/doc/21532,https://rigeo.sgb.gov.br/items/2600186c-b6aa-4d80-a082-ce70c8893c43,documentos/artigo_marcuzzo-maldonado-souza_sbrh_2019_pagina.html,554636,dbc2a4354756b4126e78ea6cfa2d18718106a8f3379f05d18deb936334edba6c,,2026-10-03,baixado,não se aplica,página salva como prova do que estava publicado
D019,MARCUZZO; MALDONADO; SOUZA (2019). Curva-chave com histerese. Simpósio Brasileiro de Recursos Hídricos,artigo em anais,https://rigeo.sgb.gov.br/handle/doc/21532,https://rigeo.sgb.gov.br/server/api/core/bitstreams/ab3a1f06-192a-4051-8006-6abc20d4e36e/content,documentos/artigo_marcuzzo-maldonado-souza_sbrh_2019.pdf,4651158,83353473ce17902fece2e6be0bba96a8e299682b11a53d44962677ba4a9b9dae,36,2026-10-03,baixado,sim,nome no servidor: =?UTF-8?Q?2019_-_Apresenta=C3=A7=C3=A3o_Oral_-_Curva-Chave_hist?= =?UTF-8?Q?erese_la=C3=A7o_-_XXIII_SBRH_2019_-_Marcuzzo.pdf?=
D020,"FINCK, J. S. Estudo preliminar de sistema de alerta para a parte brasileira da bacia do rio Uruguai utilizando modelo de previsão cota-cota. Trabalho de conclusão de curso — IPH, UFRGS, 2018",trabalho de conclusão,https://lume.ufrgs.br/handle/10183/179893,https://lume.ufrgs.br/bitstream/10183/179893/1/001069318.pdf,,,,,,não localizado,não se aplica,sem resposta do servidor no endereço direto em 2026-10-03: SSLError; baixar à mão
D021,GERMANO et al. (2022). Relatório das manchas de inundação de Alegrete. SGB,relatório técnico e vetores,https://rigeo.sgb.gov.br/handle/doc/23398,https://rigeo.sgb.gov.br/items/c5701164-373d-4c3d-b3e2-742d5a0a8cff,documentos/relatorio-manchas-inundacao-alegrete_sgb_2022_pagina.html,472032,cc87492e1463aab973fb397cb5b9b74fe601f3ebc5b5d2d0ce3e292e68cb2126,,2026-10-03,baixado,não se aplica,baixar o PDF e os vetores do registro; página salva como prova do que estava publicado
D021,GERMANO et al. (2022). Relatório das manchas de inundação de Alegrete. SGB,relatório técnico e vetores,https://rigeo.sgb.gov.br/handle/doc/23398,https://rigeo.sgb.gov.br/server/api/core/bitstreams/0a49f822-03e3-41ea-b3d2-f19b34e08d0a/content,documentos/relatorio-manchas-inundacao-alegrete_sgb_2022_01-mapeamento-manchas-inundacao-alegrete.pdf,3970507,6be570e2e7d370865f2937c42a1fccdcb795e7f6fce6936a1301385cfc4f9371,103,2026-10-03,baixado,sim,baixar o PDF e os vetores do registro; nome no servidor: mapeamento_manchas_inundacao_alegrete.pdf
D021,GERMANO et al. (2022). Relatório das manchas de inundação de Alegrete. SGB,relatório técnico e vetores,https://rigeo.sgb.gov.br/handle/doc/23398,https://rigeo.sgb.gov.br/server/api/core/bitstreams/0b320cb8-b3c9-47c7-a1d6-de2828185846/content,vetor/relatorio-manchas-inundacao-alegrete_sgb_2022_02-alegrete.zip,20702576,b55dc3eccc920615727f4799533614404483a43b511b4f831f93e4e9689be807,,2026-10-03,baixado,não se aplica,baixar o PDF e os vetores do registro; nome no servidor: Alegrete.zip
D022,SILVA (2016). Planície de inundação do rio Caí em Montenegro. SGB,relatório técnico,https://rigeo.sgb.gov.br/items/ed16ab5b-033f-49dc-b294-607c51dd7914,https://rigeo.sgb.gov.br/items/ed16ab5b-033f-49dc-b294-607c51dd7914,documentos/relatorio-planicie-inundacao-cai-montenegro_sgb_2016_pagina.html,478539,52edc2b46c25fb75b2f6613366ec411df6995447f571398bd42c096f1e20eece,,2026-10-03,baixado,não se aplica,página salva como prova do que estava publicado
D022,SILVA (2016). Planície de inundação do rio Caí em Montenegro. SGB,relatório técnico,https://rigeo.sgb.gov.br/items/ed16ab5b-033f-49dc-b294-607c51dd7914,https://rigeo.sgb.gov.br/server/api/core/bitstreams/b2d788e9-cc86-4f30-b644-4dfc1421473a/content,documentos/relatorio-planicie-inundacao-cai-montenegro_sgb_2016.pdf,1937482,4d14e3344d40794355bb09f0cb142b7de156e669077931c8705f46ea4a8a6e81,23,2026-10-03,baixado,sim,nome no servidor: monte_negro_sao_sebastiao_cai.pdf
D023,Registro do repositório do SGB: análise de frequência de cotas (2022),registro (conferência),https://rigeo.sgb.gov.br/handle/doc/22872,https://rigeo.sgb.gov.br/items/c54b1ce8-c52a-4636-946e-82e3014c5847,documentos/registro_analise-frequencia-cotas_sgb_2022_pagina.html,495346,19c96552b474fb5a9ab7a09acb6635fe19ae47bd4ea18312ad09c29f82f2d7a2,,2026-10-03,baixado,não se aplica,só conferir: comparar o sha256 com D006; página salva como prova do que estava publicado
D023,Registro do repositório do SGB: análise de frequência de cotas (2022),registro (conferência),https://rigeo.sgb.gov.br/handle/doc/22872,https://rigeo.sgb.gov.br/server/api/core/bitstreams/a91591d3-84ec-4086-b431-d0dfee2144f4/content,,3772649,887bc5da44734648a95444bcb88a8f20875f5e8d0d33b798ca0a4272d18d506f,,2026-10-03,já tínhamos,não se aplica,arquivo idêntico (sha256) a D006; não foi gravado de novo
D023,Registro do repositório do SGB: análise de frequência de cotas (2022),registro (conferência),https://rigeo.sgb.gov.br/handle/doc/22872,https://rigeo.sgb.gov.br/server/api/core/bitstreams/dd72e7e3-6692-4cd1-ad96-ec08b29402e2/content,documentos/registro_analise-frequencia-cotas_sgb_2022_02-bacia-rio-uruguai-uruguaiana.zip,92772150,6b0a36c20c5b21e359a1a1e973d67ee7cb7e5d27fadef96b9bee0f5067024b67,,2026-10-03,baixado,não se aplica,só conferir: comparar o sha256 com D006; nome no servidor: bacia_ rio uruguai_uruguaiana.zip
D023,Registro do repositório do SGB: análise de frequência de cotas (2022),registro (conferência),https://rigeo.sgb.gov.br/handle/doc/22872,https://rigeo.sgb.gov.br/server/api/core/bitstreams/cf02f51e-091c-4373-ac07-f642216ca842/content,documentos/registro_analise-frequencia-cotas_sgb_2022_03-bacia-rio-uruguai-uruguaiana-pdf.zip,98427523,94bab4bd6313f88a88ca515c2cc8eefaec18d8dcd8b7fbc980420671c90bc5a5,,2026-10-03,baixado,não se aplica,só conferir: comparar o sha256 com D006; nome no servidor: bacia_rio uruguai_uruguaiana PDF.zip
D023,Registro do repositório do SGB: análise de frequência de cotas (2022),registro (conferência),https://rigeo.sgb.gov.br/handle/doc/22872,https://rigeo.sgb.gov.br/server/api/core/bitstreams/b45588c8-c7e6-4c24-bfaf-82992dee361c/content,documentos/registro_analise-frequencia-cotas_sgb_2022_04-figuras-bacia-rio-uruguai-e-uruguaiana.zip,2411678,e466794c2cc3b7adf62ed49f0d3a3ad33ff59494b4ed30672c886e4b615498b8,,2026-10-03,baixado,não se aplica,só conferir: comparar o sha256 com D006; nome no servidor: figuras Bacia rio uruguai e uruguaiana.zip
D024,Registro do repositório do SGB: relatório das manchas de inundação (2023),registro (conferência),https://rigeo.sgb.gov.br/handle/doc/24616,https://rigeo.sgb.gov.br/items/45dc0f45-4676-4b29-8740-44c5b6649bae,documentos/registro_relatorio-manchas_sgb_2023_pagina.html,464486,5294526649c1c36e9af4ff1bd123890b89499a71fd0270ac45e77b2ffcc89a04,,2026-10-03,baixado,não se aplica,só conferir: comparar com D005 e baixar os outros arquivos do registro; página salva como prova do que estava publicado
D024,Registro do repositório do SGB: relatório das manchas de inundação (2023),registro (conferência),https://rigeo.sgb.gov.br/handle/doc/24616,https://rigeo.sgb.gov.br/server/api/core/bitstreams/42064c18-2588-4a52-b73d-35f6a3c0391c/content,,3451466,45b3feae2d046305edc642876b704b79f629b8a6101e69137827fc90a49e8834,,2026-10-03,já tínhamos,não se aplica,arquivo idêntico (sha256) a D005; não foi gravado de novo
D025,"HOELZEL; LAMBERTY (2014). Setorização de áreas de risco, Uruguaiana. SGB",relatório técnico,https://rigeo.sgb.gov.br/handle/doc/20144,https://rigeo.sgb.gov.br/items/0c09e4ff-cc83-4d1f-857a-452bb460dde1,documentos/relatorio-setorizacao-risco_sgb_2014_pagina.html,457621,3fcbdb6b75c8fea9f6d2aa77e6d2e3173c89b74d193b2674344a643813b6127f,,2026-10-03,baixado,não se aplica,baixar todos os arquivos do registro; página salva como prova do que estava publicado
D025,"HOELZEL; LAMBERTY (2014). Setorização de áreas de risco, Uruguaiana. SGB",relatório técnico,https://rigeo.sgb.gov.br/handle/doc/20144,https://rigeo.sgb.gov.br/server/api/core/bitstreams/87c56fce-87b3-4932-b2ae-5df7f361892f/content,documentos/relatorio-setorizacao-risco_sgb_2014_01-produtos-uruguaiana-rs-risco.zip,34330142,cc9ac6ecb655929741025238fc8c16c8b240e8906c42069b62eaaa72b1d027df,,2026-10-03,baixado,não se aplica,baixar todos os arquivos do registro; nome no servidor: produtos_uruguaiana_rs_risco.zip
D025,"HOELZEL; LAMBERTY (2014). Setorização de áreas de risco, Uruguaiana. SGB",relatório técnico,https://rigeo.sgb.gov.br/handle/doc/20144,https://rigeo.sgb.gov.br/server/api/core/bitstreams/537752d9-95f0-4622-9715-d2ddc12a2967/content,vetor/relatorio-setorizacao-risco_sgb_2014_02-sig-uruguaiana-rs-risco.zip,48335,43db0dd0891b24897578135f049a65459a30bd5140083040ad52803187462bbf,,2026-10-03,baixado,não se aplica,baixar todos os arquivos do registro; nome no servidor: sig_uruguaiana_rs_risco.zip
D026,RIGHI; BASSO (2018). Síntese da tese. Encontro Nacional de Desastres,artigo em anais,https://anais.abrhidro.org.br/job.php?Job=3739,https://anais.abrhidro.org.br/job.php?Job=3739,documentos/artigo_righi-basso_end_2018_pagina.html,92454,fea7ee085efd3b8686f1aa82eeb15db8bb48892ebeddef7f7c954ca71fea4196,,2026-10-03,baixado,não se aplica,página salva como prova do que estava publicado
D026,RIGHI; BASSO (2018). Síntese da tese. Encontro Nacional de Desastres,artigo em anais,https://anais.abrhidro.org.br/job.php?Job=3739,https://files.abrhidro.org.br/Eventos/Trabalhos/79/END125.pdf,documentos/artigo_righi-basso_end_2018.pdf,568803,ff78849e7877c1d6b14ef9d971e9598eef7366da5a006f22043e8792e35c33e5,8,2026-10-03,baixado,sim,nome no servidor: END125.pdf
D027,SOUZA et al. (2017). Padrões meteorológicos e morfológicos. Revista Brasileira de Cartografia,artigo,https://seer.ufu.br/index.php/revistabrasileiracartografia/article/view/44323,https://seer.ufu.br/index.php/revistabrasileiracartografia/article/view/44323,documentos/artigo_souza-et-al_rbc_2017_pagina.html,57132,065baf8c1eee01e50c4d292d2d48b85987b24459a4fe1b3e2b27df59375349a9,,2026-10-03,baixado,não se aplica,página salva como prova do que estava publicado
D027,SOUZA et al. (2017). Padrões meteorológicos e morfológicos. Revista Brasileira de Cartografia,artigo,https://seer.ufu.br/index.php/revistabrasileiracartografia/article/view/44323,https://seer.ufu.br/index.php/revistabrasileiracartografia/article/download/44323/23405,documentos/artigo_souza-et-al_rbc_2017.pdf,1479418,8b00d86a706a281cd53a6b4424ea0f8d011c56dfb843dcf1b9799e7b55b927a9,13,2026-10-03,baixado,sim,"nome no servidor: admin,+1+-+69_4_XXX-XXX_A1493.pdf"
D028,"RIGHI; ROBAINA (2010). Enchentes do rio Uruguai, 1980–2005. Sociedade & Natureza",artigo,https://seer.ufu.br/index.php/sociedadenatureza/article/view/9973,https://seer.ufu.br/index.php/sociedadenatureza/article/view/9973,documentos/artigo_righi-robaina_sociedade-natureza_2010_pagina.html,42708,04d78faa37f0cdef581973c712f7dacd66021eda5afd2415148753bc8463bc4e,,2026-10-03,baixado,não se aplica,página salva como prova do que estava publicado
D028,"RIGHI; ROBAINA (2010). Enchentes do rio Uruguai, 1980–2005. Sociedade & Natureza",artigo,https://seer.ufu.br/index.php/sociedadenatureza/article/view/9973,https://seer.ufu.br/index.php/sociedadenatureza/article/download/9973/5918,documentos/artigo_righi-robaina_sociedade-natureza_2010.pdf,2186070,0881776ac579da888f8edddd24598f56b51086ca935e48157c8269debdf360cd,20,2026-10-03,baixado,sim,"nome no servidor: admin,+S+&+N-2010-993.pdf"
D029,"RECKZIEGEL (2007). Desastres no RS, 1980–2005. Dissertação — UFSM",dissertação,https://repositorio.ufsm.br/handle/1/9268,https://repositorio.ufsm.br/handle/1/9268,documentos/dissertacao_reckziegel-ufsm_2007_pagina.html,30468,5cfaffafd42e1c3e33d5aaa655485120904437753953cb5c28f29acb0b346119,,2026-10-04,baixado,não se aplica,"o texto está em nove arquivos no registro (partes 1 a 9, na ordem do registro); página salva como prova do que estava publicado"
D029,"RECKZIEGEL (2007). Desastres no RS, 1980–2005. Dissertação — UFSM",dissertação,https://repositorio.ufsm.br/handle/1/9268,https://repositorio.ufsm.br/bitstream/handle/1/9268/BERNADETERECKZIEGEL1.pdf?sequence=1&isAllowed=y,documentos/dissertacao_reckziegel-ufsm_2007_parte-1.pdf,8097204,586043ea969d72a88020bf92e381dce8442987e192598c5603e001564d3f1685,284,2026-10-04,baixado,sim,"o texto está em nove arquivos no registro (partes 1 a 9, na ordem do registro); nome no servidor: BERNADETERECKZIEGEL1.pdf; parte 1 de 9"
D029,"RECKZIEGEL (2007). Desastres no RS, 1980–2005. Dissertação — UFSM",dissertação,https://repositorio.ufsm.br/handle/1/9268,https://repositorio.ufsm.br/bitstream/handle/1/9268/BERNADETERECKZIEGEL2.pdf?sequence=4&isAllowed=y,documentos/dissertacao_reckziegel-ufsm_2007_parte-2.pdf,15282761,514a8631b1435cddb598a167bdbaa72e3c4362c8ccdd6d09618407576f8f755a,29,2026-10-04,baixado,não verificado,"o texto está em nove arquivos no registro (partes 1 a 9, na ordem do registro); nome no servidor: BERNADETERECKZIEGEL2.pdf; parte 2 de 9"
D029,"RECKZIEGEL (2007). Desastres no RS, 1980–2005. Dissertação — UFSM",dissertação,https://repositorio.ufsm.br/handle/1/9268,https://repositorio.ufsm.br/bitstream/handle/1/9268/BERNADETERECKZIEGEL3.pdf?sequence=5&isAllowed=y,documentos/dissertacao_reckziegel-ufsm_2007_parte-3.pdf,4401382,5a9e6d09dd82ae6d4f6cb3d77ea6d1a0b90add8d5fd15cee57f108ab07caf795,9,2026-10-04,baixado,não verificado,"o texto está em nove arquivos no registro (partes 1 a 9, na ordem do registro); nome no servidor: BERNADETERECKZIEGEL3.pdf; parte 3 de 9"
D029,"RECKZIEGEL (2007). Desastres no RS, 1980–2005. Dissertação — UFSM",dissertação,https://repositorio.ufsm.br/handle/1/9268,https://repositorio.ufsm.br/bitstream/handle/1/9268/BERNADETERECKZIEGEL4.pdf?sequence=6&isAllowed=y,documentos/dissertacao_reckziegel-ufsm_2007_parte-4.pdf,3806992,bb422c81037a0648f1a1d89be12c632eb923c1f10e065b4dcc5d3d53728e458c,16,2026-10-04,baixado,não verificado,"o texto está em nove arquivos no registro (partes 1 a 9, na ordem do registro); nome no servidor: BERNADETERECKZIEGEL4.pdf; parte 4 de 9"
D029,"RECKZIEGEL (2007). Desastres no RS, 1980–2005. Dissertação — UFSM",dissertação,https://repositorio.ufsm.br/handle/1/9268,https://repositorio.ufsm.br/bitstream/handle/1/9268/BERNADETERECKZIEGEL5.pdf?sequence=7&isAllowed=y,documentos/dissertacao_reckziegel-ufsm_2007_parte-5.pdf,3365588,80e3b930cfa7b2e1b8a60a13e5a45f3eb3be1925c5819ef3507532a5fa8b2c1b,12,2026-10-04,baixado,não verificado,"o texto está em nove arquivos no registro (partes 1 a 9, na ordem do registro); nome no servidor: BERNADETERECKZIEGEL5.pdf; parte 5 de 9"
D029,"RECKZIEGEL (2007). Desastres no RS, 1980–2005. Dissertação — UFSM",dissertação,https://repositorio.ufsm.br/handle/1/9268,https://repositorio.ufsm.br/bitstream/handle/1/9268/BERNADETERECKZIEGEL6.pdf?sequence=8&isAllowed=y,documentos/dissertacao_reckziegel-ufsm_2007_parte-6.pdf,2842636,6e8a02d93cf6833d9c7c997f3e6455f74a4ef618ad187cac88c9806fc6b0c094,10,2026-10-04,baixado,não verificado,"o texto está em nove arquivos no registro (partes 1 a 9, na ordem do registro); nome no servidor: BERNADETERECKZIEGEL6.pdf; parte 6 de 9"
D029,"RECKZIEGEL (2007). Desastres no RS, 1980–2005. Dissertação — UFSM",dissertação,https://repositorio.ufsm.br/handle/1/9268,https://repositorio.ufsm.br/bitstream/handle/1/9268/BERNADETERECKZIEGEL7.pdf?sequence=9&isAllowed=y,documentos/dissertacao_reckziegel-ufsm_2007_parte-7.pdf,4034852,448f86fc907ccc46997cf912f5b38e34d1c0ed5e03b6a00da89139f4272e484a,14,2026-10-04,baixado,não verificado,"o texto está em nove arquivos no registro (partes 1 a 9, na ordem do registro); nome no servidor: BERNADETERECKZIEGEL7.pdf; parte 7 de 9"
D029,"RECKZIEGEL (2007). Desastres no RS, 1980–2005. Dissertação — UFSM",dissertação,https://repositorio.ufsm.br/handle/1/9268,https://repositorio.ufsm.br/bitstream/handle/1/9268/BERNADETERECKZIEGEL8.pdf?sequence=10&isAllowed=y,documentos/dissertacao_reckziegel-ufsm_2007_parte-8.pdf,3766835,6c33df98f1f6b7a177010efc3dc0f28723df69ba0c764aadba2637211ebeb5de,11,2026-10-04,baixado,não verificado,"o texto está em nove arquivos no registro (partes 1 a 9, na ordem do registro); nome no servidor: BERNADETERECKZIEGEL8.pdf; parte 8 de 9"
D029,"RECKZIEGEL (2007). Desastres no RS, 1980–2005. Dissertação — UFSM",dissertação,https://repositorio.ufsm.br/handle/1/9268,https://repositorio.ufsm.br/bitstream/handle/1/9268/BERNADETERECKZIEGEL9.pdf?sequence=11&isAllowed=y,documentos/dissertacao_reckziegel-ufsm_2007_parte-9.pdf,2534614,95441f4b8ac6176ea6ae3380ed60ce1f5b5652af1bef9616e1a2d16fe16cb330,13,2026-10-04,baixado,não verificado,"o texto está em nove arquivos no registro (partes 1 a 9, na ordem do registro); nome no servidor: BERNADETERECKZIEGEL9.pdf; parte 9 de 9"
D030,KUREK (2012). Tempo de retorno no Vale do Taquari. Trabalho de conclusão de curso — Univates,trabalho de conclusão,https://www.univates.br/bduserver/api/core/bitstreams/c196ae69-656f-40fa-8b9a-9f894dadeb01/content,https://www.univates.br/bduserver/api/core/bitstreams/c196ae69-656f-40fa-8b9a-9f894dadeb01/content,documentos/tcc_kurek-univates_2012.pdf,1798601,f36d87909c9265ac93573ea9ba26d1b1b0bb43e750f00b0556283ab6fcd0b7bd,92,2026-10-03,baixado,sim,
D031,"AIMON, J. G. S. Estudo do perigo à inundação da área edificada do município de Barra do Quaraí/RS utilizando aerofotogrametria com aeronaves remotamente pilotadas. Tese (Doutorado em Geografia) — UFSM, 2023",tese,https://repositorio.ufsm.br/handle/1/30800,https://repositorio.ufsm.br/handle/1/30800,documentos/tese_aimon-ufsm_2023_pagina.html,33669,bc3b5330d3655ba9b62b873eb6bdd6c9801ecc798ff80e2d9be01814555ccc12,,2026-10-03,baixado,não se aplica,"tese de doutorado; arquivo renomeado em 2026-10-03 (antes: dissertacao_barra-do-quarai-ufsm), sem mudança de conteúdo (mesmo sha256); página salva como prova do que estava publicado"
D031,"AIMON, J. G. S. Estudo do perigo à inundação da área edificada do município de Barra do Quaraí/RS utilizando aerofotogrametria com aeronaves remotamente pilotadas. Tese (Doutorado em Geografia) — UFSM, 2023",tese,https://repositorio.ufsm.br/handle/1/30800,http://repositorio.ufsm.br/bitstream/1/30800/1/TES_PPGGEOGRAFIA_2023_AIMON_JONATAS.pdf,documentos/tese_aimon-ufsm_2023.pdf,134768239,ec8ed1abc4ec9e66668e6c8b7d126cc6ade78f9c46b51414018e9111e79f0084,105,2026-10-03,baixado,sim,"tese de doutorado; arquivo renomeado em 2026-10-03 (antes: dissertacao_barra-do-quarai-ufsm), sem mudança de conteúdo (mesmo sha256); nome no servidor: TES_PPGGEOGRAFIA_2023_AIMON_JONATAS.pdf"
D032,MIERES et al. (2025). Área diretamente atingida em maio de 2024. Boletim Geográfico do Rio Grande do Sul,artigo,https://revistas.planejamento.rs.gov.br/index.php/boletim-geografico-rs/article/download/4637/4233/26789,https://revistas.planejamento.rs.gov.br/index.php/boletim-geografico-rs/article/download/4637/4233/26789,documentos/artigo_mieres-et-al_boletim-geografico-rs_2025.pdf,1053392,0947fa3b3eb96c77b01b25da812bba740d48c77c363961b21a3e74fe5ab75818,10,2026-10-03,baixado,sim,
D033,"DEE-RS. Nota Técnica nº 103, de 11 de dezembro de 2024: elaboração do Mapa Único do Plano Rio Grande (MUPRS)",nota técnica,https://dee.rs.gov.br/upload/arquivos/202505/14104415-nt-dee-103-elaboracao-do-mapa-unico-do-plano-rio-grande-muprs-1-1.pdf,https://dee.rs.gov.br/upload/arquivos/202505/14104415-nt-dee-103-elaboracao-do-mapa-unico-do-plano-rio-grande-muprs-1-1.pdf,documentos/nota-tecnica-103_dee-rs_2024.pdf,1384796,24b06f304f9a0109f5636ba225a76f2ec82cbd12117e2459a099d3b2fb7e458b,16,2026-10-03,baixado,sim,"a nota é de 11 de dezembro de 2024; arquivo renomeado em 2026-10-03 (antes: nota-tecnica-103_dee-rs_2025), sem mudança de conteúdo (mesmo sha256)"
D034,IBGE (2018). População em áreas de risco no Brasil,publicação,https://www.ibge.gov.br/geociencias/informacoes-ambientais/estudos-ambientais/21538-populacao-em-areas-de-risco-no-brasil.html,https://biblioteca.ibge.gov.br/visualizacao/livros/liv101589.pdf,documentos/publicacao_populacao-areas-de-risco_ibge_2018.pdf,1611756,c69ce9e4b25c2d8b0bd155a48b69e70ec97c34e2682a61ca129d024626ed45fe,96,2026-10-04,baixado,sim,endereço direto do PDF da publicação (a página de origem recusa o pedido); nome no servidor: liv101589.pdf
D035,"ARAÚJO et al. (2019). Itaqui, modelo de terreno calibrado. Natural Hazards and Earth System Sciences",artigo,https://nhess.copernicus.org/articles/19/237/2019/,https://nhess.copernicus.org/articles/19/237/2019/,documentos/artigo_araujo-et-al_nhess_2019_pagina.html,258648,536f5c893bd8259a188e3f03f39ba5efc82068406816487f370ee45da326e035,,2026-10-03,baixado,não se aplica,página salva como prova do que estava publicado
D035,"ARAÚJO et al. (2019). Itaqui, modelo de terreno calibrado. Natural Hazards and Earth System Sciences",artigo,https://nhess.copernicus.org/articles/19/237/2019/,https://nhess.copernicus.org/articles/19/237/2019/nhess-19-237-2019.pdf,documentos/artigo_araujo-et-al_nhess_2019.pdf,7647917,043ca904c61db6ca0ac34fb4af4ef7a61f2f74cc66feb74b56b3f8fa11f27c4d,14,2026-10-03,baixado,sim,nome no servidor: nhess-19-237-2019.pdf
D036,"SILVA et al. (2020). Itaqui, cheias de 1983 e 2017. Anuário do Instituto de Geociências",artigo,https://revistas.ufrj.br/index.php/aigeo/article/view/37233,https://revistas.ufrj.br/index.php/aigeo/article/view/37233,documentos/artigo_silva-et-al_anuario-igeo_2020_pagina.html,58614,ed2be43aec2da2accdf49f155c2e92d363b73d756900ea80edfba57a9a88e716,,2026-10-03,baixado,não se aplica,página salva como prova do que estava publicado
D036,"SILVA et al. (2020). Itaqui, cheias de 1983 e 2017. Anuário do Instituto de Geociências",artigo,https://revistas.ufrj.br/index.php/aigeo/article/view/37233,https://revistas.ufrj.br/index.php/aigeo/article/download/37233/pdf,documentos/artigo_silva-et-al_anuario-igeo_2020.pdf,931142,81596675b397862f6bfca61ca2750e33469ec431f21271dedc2fd62a410cb99a,14,2026-10-03,baixado,sim,"nome no servidor: suhelemoliveira,+13_Silva_01_02_2020_15_05_2020_v1_263_276-Finalizado_compressed.pdf"
D037,ALVES et al. (2020). Comparação de métodos de mapeamento de inundação. REGET,artigo,https://periodicos.ufsm.br/reget/article/view/62697,https://periodicos.ufsm.br/reget/article/view/62697,documentos/artigo_alves-et-al_reget_2020_pagina.html,60183,3a234474997c87f1f8665093b9e083500d518de6bdb0a95be949385897ff3cd7,,2026-10-03,baixado,não se aplica,página salva como prova do que estava publicado
D037,ALVES et al. (2020). Comparação de métodos de mapeamento de inundação. REGET,artigo,https://periodicos.ufsm.br/reget/article/view/62697,https://periodicos.ufsm.br/reget/article/download/62697/pdf,documentos/artigo_alves-et-al_reget_2020.pdf,1612874,59af4a83289f8526a28398fdfe585529aeb87db6f629a29e0f97ab97a2215ba8,18,2026-10-03,baixado,sim,"nome no servidor: revistas,+e22_PDF.pdf"
D038,MENGUE et al. (2016). Modelo HAND. Pesquisas em Geociências,artigo,https://seer.ufrgs.br/PesquisasemGeociencias/article/view/78191,https://seer.ufrgs.br/PesquisasemGeociencias/article/view/78191,documentos/artigo_mengue-et-al_pesquisas-geociencias_2016_pagina.html,37206,f0b16e905937fc1acc0b719da4163e86c71c72c55e3aa62937ed8f3793d517c0,,2026-10-03,baixado,não se aplica,página salva como prova do que estava publicado
D038,MENGUE et al. (2016). Modelo HAND. Pesquisas em Geociências,artigo,https://seer.ufrgs.br/PesquisasemGeociencias/article/view/78191,https://seer.ufrgs.br/index.php/PesquisasemGeociencias/article/download/78191/44810,documentos/artigo_mengue-et-al_pesquisas-geociencias_2016.pdf,10766493,e0798c285710547d50873cfb36ad025d613c108794cda0412613634e300ffdb9,14,2026-10-03,baixado,sim,"nome no servidor: pasouza,+034301.pdf"
D039,SAUERESSIG (2012). Itaqui. Dissertação — UFSM,dissertação,https://repositorio.ufsm.br/handle/1/9362,https://repositorio.ufsm.br/handle/1/9362,documentos/dissertacao_saueressig-ufsm_2012_pagina.html,27464,79ceec71b3bbc20f4a6e6a0c9ddcc0d893e2055f8e29c9d09f22dda69b6351ca,,2026-10-03,baixado,não se aplica,página salva como prova do que estava publicado
D039,SAUERESSIG (2012). Itaqui. Dissertação — UFSM,dissertação,https://repositorio.ufsm.br/handle/1/9362,http://repositorio.ufsm.br/bitstream/1/9362/1/SAUERESSIG%2c%20SILENE%20RAQUEL.pdf,documentos/dissertacao_saueressig-ufsm_2012.pdf,8468540,60dfd2b0a1ff5dec19cbf7fe8a867b4bd301631ebf27f911e827662b1d53356f,101,2026-10-03,baixado,sim,"nome no servidor: SAUERESSIG, SILENE RAQUEL.pdf"
D040,"SAUERESSIG, S. R.; ROBAINA, L. E. S. Zoneamento das áreas de risco a inundação da área urbana de Itaqui-RS. Boletim Gaúcho de Geografia, v. 42, n. 2, p. 672-687, maio 2015",artigo,https://seer.ufrgs.br/index.php/bgg/article/view/41397,https://seer.ufrgs.br/index.php/bgg/article/view/41397,documentos/artigo_saueressig_boletim-gaucho-geografia_pagina.html,18033,7554f8cfc5cde0c340b7d417a50aef1cc50fc7f1b8fa4784436a222b56cc0354,,2026-10-03,baixado,não se aplica,a folha de rosto da revista traz os autores na ordem inversa (Robaina & Saueressig); página salva como prova do que estava publicado
D040,"SAUERESSIG, S. R.; ROBAINA, L. E. S. Zoneamento das áreas de risco a inundação da área urbana de Itaqui-RS. Boletim Gaúcho de Geografia, v. 42, n. 2, p. 672-687, maio 2015",artigo,https://seer.ufrgs.br/index.php/bgg/article/view/41397,https://seer.ufrgs.br/index.php/bgg/article/download/41397/34042,documentos/artigo_saueressig_boletim-gaucho-geografia.pdf,10535823,c5b8f1922b7d3e9129da6c2b353174947b257be2af21f50a3de712f10d064d60,17,2026-10-03,baixado,sim,"a folha de rosto da revista traz os autores na ordem inversa (Robaina & Saueressig); nome no servidor: andrebaldraia,+16.pdf"
D041,"RIGHI, E. Risco a inundação em médio curso do Rio Uruguai: um estudo de caso nos municípios de Porto Lucena e São Borja. Dissertação — UFRGS, 2011",dissertação,https://lume.ufrgs.br/handle/10183/32566,https://lume.ufrgs.br/bitstream/10183/32566/1/000782538.pdf,,,,,,não localizado,não se aplica,sem resposta do servidor no endereço direto em 2026-10-03: SSLError; baixar à mão
D042,PRINA (2015). Jaguari. Dissertação — UFSM,dissertação,https://repositorio.ufsm.br/handle/1/9452,https://repositorio.ufsm.br/bitstream/handle/1/9452/PRINA%2c%20BRUNO%20ZUCUNI.pdf?sequence=1&isAllowed=y,documentos/dissertacao_prina-ufsm_2015.pdf,6769803,e9c0da2a28bf90e09919f8ae7a25cd87c7995a9e1e785744adb6104b6bc457c8,128,2026-10-04,baixado,sim,"nome no servidor: PRINA, BRUNO ZUCUNI.pdf"
D043,DINAGUA (2012). Mapa de riesgo de inundación de Bella Unión,mapa,https://sit.mvot.gub.uy/docs/instrumentos/5157/Mapa%20de%20Riesgo%20Bella%20Uni%C3%B3n_foto%20%C3%A1erea.pdf,https://sit.mvot.gub.uy/docs/instrumentos/5157/Mapa%20de%20Riesgo%20Bella%20Uni%C3%B3n_foto%20%C3%A1erea.pdf,documentos/mapa-risco-inundacion-bella-union_dinagua_2012.pdf,5468866,4c84f0bc79e43b7785544d82dabb2833f60ee4bc2dfb41fe3ec933ed216f953b,25,2026-10-03,baixado,sim,
D044,Uruguaiana. Lei Complementar nº 3/2014 (Plano Diretor) — texto,lei,https://sapl.uruguaiana.rs.leg.br/media/sapl/public/normajuridica/2014/3571/3571_texto_integral.pdf,https://sapl.uruguaiana.rs.leg.br/media/sapl/public/normajuridica/2014/3571/3571_texto_integral.pdf,documentos/plano-diretor_lc-3-2014_texto.pdf,768120,41c2bbf5f5987721d024734e1ee6f63a23b1e9f3a38b652fa8a11effc0319978,69,2026-10-03,baixado,sim,
D045,"Uruguaiana. Lei Complementar nº 3/2014 — Mapa 10, modelo espacial urbano",mapa,https://sapl.uruguaiana.rs.leg.br/media/sapl/public/anexonormajuridica/2014/11/mapa_10_-_modelo_espacial_urb_2013_plot_cv_selo.pdf,https://sapl.uruguaiana.rs.leg.br/media/sapl/public/anexonormajuridica/2014/11/mapa_10_-_modelo_espacial_urb_2013_plot_cv_selo.pdf,documentos/plano-diretor_lc-3-2014_mapa-10.pdf,2616225,0b1e52029ec36bf35c3aebf8acb4de99e64b6caba0e8626e7b3e5a45ffa6069d,1,2026-10-03,baixado,sim,
D046,"Prefeitura de Uruguaiana. Página do Plano Diretor, com mapas e anexos",página e anexos,https://www.uruguaiana.rs.gov.br/portal/servicos/1279/plano-diretor/,https://www.uruguaiana.rs.gov.br/portal/download/arquivos/RC-zPTw/,documentos/plano-diretor_pagina-prefeitura_01-mapa-1-18031951.pdf,2189064,633ae66cb9569433a19e87d9ce50e642817445fc5bbcc8df0d530e7c4604c52a,1,2026-10-03,baixado,não verificado,salvar a página e baixar todos os mapas e anexos ligados nela; nome no servidor: mapa_1_18031951.pdf
D046,"Prefeitura de Uruguaiana. Página do Plano Diretor, com mapas e anexos",página e anexos,https://www.uruguaiana.rs.gov.br/portal/servicos/1279/plano-diretor/,https://www.uruguaiana.rs.gov.br/portal/download/arquivos/dn-zPzT/,documentos/plano-diretor_pagina-prefeitura_02-mapa-10-18031952.pdf,2616225,0b1e52029ec36bf35c3aebf8acb4de99e64b6caba0e8626e7b3e5a45ffa6069d,1,2026-10-03,baixado,não verificado,salvar a página e baixar todos os mapas e anexos ligados nela; nome no servidor: mapa_10_18031952.pdf
D046,"Prefeitura de Uruguaiana. Página do Plano Diretor, com mapas e anexos",página e anexos,https://www.uruguaiana.rs.gov.br/portal/servicos/1279/plano-diretor/,https://www.uruguaiana.rs.gov.br/portal/download/arquivos/nB-zPzL/,documentos/plano-diretor_pagina-prefeitura_03-mapa-11-18031951.pdf,1325114,969b9de7f69e0ce8274c448aa16894235c5dc76e750409ca9783a32c8bcf43eb,1,2026-10-03,baixado,não verificado,salvar a página e baixar todos os mapas e anexos ligados nela; nome no servidor: mapa_11_18031951.pdf
D046,"Prefeitura de Uruguaiana. Página do Plano Diretor, com mapas e anexos",página e anexos,https://www.uruguaiana.rs.gov.br/portal/servicos/1279/plano-diretor/,https://www.uruguaiana.rs.gov.br/portal/download/arquivos/CG-zPzz/,documentos/plano-diretor_pagina-prefeitura_04-mapa-12-18031952.pdf,2547392,ecefd7ecf209b10c653397919090c5b37455fab71e561df2b4b2126dcbeb6881,1,2026-10-03,baixado,não verificado,salvar a página e baixar todos os mapas e anexos ligados nela; nome no servidor: mapa_12_18031952.pdf
D046,"Prefeitura de Uruguaiana. Página do Plano Diretor, com mapas e anexos",página e anexos,https://www.uruguaiana.rs.gov.br/portal/servicos/1279/plano-diretor/,https://www.uruguaiana.rs.gov.br/portal/download/arquivos/dB-zPzw/,documentos/plano-diretor_pagina-prefeitura_05-mapa-13-18031952.pdf,4201670,2494713a3f143cd5c630a7e03934b257ead538468efbc9777feac2d919d4a4cc,1,2026-10-03,baixado,não verificado,salvar a página e baixar todos os mapas e anexos ligados nela; nome no servidor: mapa_13_18031952.pdf
D046,"Prefeitura de Uruguaiana. Página do Plano Diretor, com mapas e anexos",página e anexos,https://www.uruguaiana.rs.gov.br/portal/servicos/1279/plano-diretor/,https://www.uruguaiana.rs.gov.br/portal/download/arquivos/qR-zPTz/,documentos/plano-diretor_pagina-prefeitura_06-mapa-2-18031951.pdf,2058916,dabe7354f264a9bc8618a8c94605a02770bbe41b36c2aa7e5f097a84f874b15c,1,2026-10-03,baixado,não verificado,salvar a página e baixar todos os mapas e anexos ligados nela; nome no servidor: mapa_2_18031951.pdf
D046,"Prefeitura de Uruguaiana. Página do Plano Diretor, com mapas e anexos",página e anexos,https://www.uruguaiana.rs.gov.br/portal/servicos/1279/plano-diretor/,https://www.uruguaiana.rs.gov.br/portal/download/arquivos/RG-zPzx/,documentos/plano-diretor_pagina-prefeitura_07-mapa-3-18031951.pdf,873904,aee5d3c0776652e15228f9eca2dec9a5e9b86dee92d2745f9d1e36c6565e2bd4,1,2026-10-03,baixado,não verificado,salvar a página e baixar todos os mapas e anexos ligados nela; nome no servidor: mapa_3_18031951.pdf
D046,"Prefeitura de Uruguaiana. Página do Plano Diretor, com mapas e anexos",página e anexos,https://www.uruguaiana.rs.gov.br/portal/servicos/1279/plano-diretor/,https://www.uruguaiana.rs.gov.br/portal/download/arquivos/sG-zPTT/,documentos/plano-diretor_pagina-prefeitura_08-mapa-4-18031950.pdf,2308172,a895c13eba03d8b53324ff17da7d3908a5bbec2f35c26f3bb8e4754670444627,1,2026-10-03,baixado,não verificado,salvar a página e baixar todos os mapas e anexos ligados nela; nome no servidor: mapa_4_18031950.pdf
D046,"Prefeitura de Uruguaiana. Página do Plano Diretor, com mapas e anexos",página e anexos,https://www.uruguaiana.rs.gov.br/portal/servicos/1279/plano-diretor/,https://www.uruguaiana.rs.gov.br/portal/download/arquivos/Gd-zPTL/,documentos/plano-diretor_pagina-prefeitura_09-mapa-5-18031950.pdf,899814,d6c040cb064b2bf792201f70813709567e7b71fc88f964c549473badd93790a3,1,2026-10-03,baixado,não verificado,salvar a página e baixar todos os mapas e anexos ligados nela; nome no servidor: mapa_5_18031950.pdf
D046,"Prefeitura de Uruguaiana. Página do Plano Diretor, com mapas e anexos",página e anexos,https://www.uruguaiana.rs.gov.br/portal/servicos/1279/plano-diretor/,https://www.uruguaiana.rs.gov.br/portal/download/arquivos/KG-zPzj/,documentos/plano-diretor_pagina-prefeitura_10-mapa-6-18031951.pdf,1908063,3f7db475d6cb9f056c57f86f0d24c3dd848408ee8c8783b762fdbd8f3d618d7a,1,2026-10-03,baixado,não verificado,salvar a página e baixar todos os mapas e anexos ligados nela; nome no servidor: mapa_6_18031951.pdf
D046,"Prefeitura de Uruguaiana. Página do Plano Diretor, com mapas e anexos",página e anexos,https://www.uruguaiana.rs.gov.br/portal/servicos/1279/plano-diretor/,https://www.uruguaiana.rs.gov.br/portal/download/arquivos/sC-zPzA/,documentos/plano-diretor_pagina-prefeitura_11-mapa-7-18031951.pdf,1368243,f1f551daf32115bc1c4866ec16f9bf0901026336424f1bbb617050976a082091,1,2026-10-03,baixado,não verificado,salvar a página e baixar todos os mapas e anexos ligados nela; nome no servidor: mapa_7_18031951.pdf
D046,"Prefeitura de Uruguaiana. Página do Plano Diretor, com mapas e anexos",página e anexos,https://www.uruguaiana.rs.gov.br/portal/servicos/1279/plano-diretor/,https://www.uruguaiana.rs.gov.br/portal/download/arquivos/GK-zPz-/,documentos/plano-diretor_pagina-prefeitura_12-mapa-8-18031951.pdf,1193084,a4721de0236b7e2ffcef9c472776efec29245f03d41324e83a350460b04dc8a9,1,2026-10-03,baixado,não verificado,salvar a página e baixar todos os mapas e anexos ligados nela; nome no servidor: mapa_8_18031951.pdf
D046,"Prefeitura de Uruguaiana. Página do Plano Diretor, com mapas e anexos",página e anexos,https://www.uruguaiana.rs.gov.br/portal/servicos/1279/plano-diretor/,https://www.uruguaiana.rs.gov.br/portal/download/arquivos/hK-zPzo/,documentos/plano-diretor_pagina-prefeitura_13-mapa-9-18031951.pdf,1982693,e54aeb7ec09c4fa57bced09af6b7e44ac63c4d42b7a2cfe1e079fcbd89417bb5,1,2026-10-03,baixado,não verificado,salvar a página e baixar todos os mapas e anexos ligados nela; nome no servidor: mapa_9_18031951.pdf
D047,Defesa Civil do RS. Edital 9114/2025,edital e anexos,https://www.compras.rs.gov.br/editais/9114_2025/331384,https://www.compras.rs.gov.br/editais/9114_2025/331384,documentos/edital-9114-2025_defesacivil-rs_pagina.html,45183,ebf57548d361b270d56c66da5ed58f9f12908b9f84b67c5ce5ae6d6faa216f17,,2026-10-03,baixado,não se aplica,salvar a página do edital e baixar todos os anexos; página salva como prova do que estava publicado
D047,Defesa Civil do RS. Edital 9114/2025,edital e anexos,https://www.compras.rs.gov.br/editais/9114_2025/331384,https://www.compras.rs.gov.br/anexos/791085-8a60cc569c302a94078e5f686963d46912f2178d7d815abd8d3cb3df3d30afad,documentos/edital-9114-2025_defesacivil-rs_01-791085.pdf,1022275,86744d34bc0f5d72ad436cbd01349de105064c3c7dfd0bd48c1af1f5a809561b,5,2026-10-03,baixado,não verificado,salvar a página do edital e baixar todos os anexos; nome no servidor: 791085.pdf
D047,Defesa Civil do RS. Edital 9114/2025,edital e anexos,https://www.compras.rs.gov.br/editais/9114_2025/331384,https://www.compras.rs.gov.br/anexos/790569-5fef0d50614ed116785f1136d1c9dfa5e157b52bc5b8419d8fc5eec7b0c50bfe,documentos/edital-9114-2025_defesacivil-rs_02-790569.pdf,113277,43f461171e060237f57ca57562f0e4226babc9ee673e9cfcaeef6d77e3e63f03,2,2026-10-03,baixado,não verificado,salvar a página do edital e baixar todos os anexos; nome no servidor: 790569.pdf
D047,Defesa Civil do RS. Edital 9114/2025,edital e anexos,https://www.compras.rs.gov.br/editais/9114_2025/331384,https://www.compras.rs.gov.br/anexos/782451-6bc55695037fe83c9460ee9f4e78aef34bd1c8475a320554d08651b1413d61bb,documentos/edital-9114-2025_defesacivil-rs_03-782451.pdf,164044,9f28adf2aea036117612ce49200926f17fde68ec6a9f8c151934f5d791b10a24,6,2026-10-03,baixado,não verificado,salvar a página do edital e baixar todos os anexos; nome no servidor: 782451.pdf
D047,Defesa Civil do RS. Edital 9114/2025,edital e anexos,https://www.compras.rs.gov.br/editais/9114_2025/331384,https://www.compras.rs.gov.br/anexos/777787-5b8c735bdd3d2d1d411a0099895ad1b9d0bad2876cb478f48a1a3b2cf2cf01e0,documentos/edital-9114-2025_defesacivil-rs_04-777787.pdf,348108,9f5350d4812be3dd1cce06961d47fb9e61a57c55dcfda7d4592c20792bbc1fbe,25,2026-10-03,baixado,não verificado,salvar a página do edital e baixar todos os anexos; nome no servidor: 777787.pdf
D047,Defesa Civil do RS. Edital 9114/2025,edital e anexos,https://www.compras.rs.gov.br/editais/9114_2025/331384,https://www.compras.rs.gov.br/anexos/777786-bfe066824a77cc68de3826ea818ca156b8445aa1c99b0bbc8170186bae74f066,documentos/edital-9114-2025_defesacivil-rs_05-777786.pdf,190926,90aaa38085943d5e205970a4853ce39b7f3069ed0a99dc16302df36d81698e64,1,2026-10-03,baixado,não verificado,salvar a página do edital e baixar todos os anexos; nome no servidor: 777786.pdf
D047,Defesa Civil do RS. Edital 9114/2025,edital e anexos,https://www.compras.rs.gov.br/editais/9114_2025/331384,https://www.compras.rs.gov.br/anexos/777785-9504638602ac35f3acfaf8cf9488e53d465ceccbd6dc2ee026f70d75d5abb8f9,documentos/edital-9114-2025_defesacivil-rs_06-777785.pdf,4054857,042da8ffff3743d4a6e9a3c93d2eb5cc78b61e81953d2af09c440b1260adb7e0,1,2026-10-03,baixado,não verificado,salvar a página do edital e baixar todos os anexos; nome no servidor: 777785.pdf
D047,Defesa Civil do RS. Edital 9114/2025,edital e anexos,https://www.compras.rs.gov.br/editais/9114_2025/331384,https://www.compras.rs.gov.br/anexos/777784-123eed2516d02ac78d70cebffc3c1d4f706cf6d3b369c81e0b7200b1a4ad0d88,documentos/edital-9114-2025_defesacivil-rs_07-777784.pdf,64230,e43c642d05a899839d5d43b49dd405c0d9c52e7591f99930895f7d32e7c55769,2,2026-10-03,baixado,não verificado,salvar a página do edital e baixar todos os anexos; nome no servidor: 777784.pdf
D047,Defesa Civil do RS. Edital 9114/2025,edital e anexos,https://www.compras.rs.gov.br/editais/9114_2025/331384,https://www.compras.rs.gov.br/anexos/777783-7287c9e5e59f229231709d59884fbaf2ceb67a3ef5e408f7d5b430b26980fbff,documentos/edital-9114-2025_defesacivil-rs_08-777783.pdf,914429,2d9240e910dd8ee0d5343faeda893421198e38b4009ceaa145fbed9b91554b63,44,2026-10-03,baixado,não verificado,salvar a página do edital e baixar todos os anexos; nome no servidor: 777783.pdf
D048,Defesa Civil do RS (2025). Termo de referência: previsão de eventos hidrológicos críticos,termo de referência,https://www.compras.rs.gov.br/anexos/777787-5b8c735bdd3d2d1d411a0099895ad1b9d0bad2876cb478f48a1a3b2cf2cf01e0,https://www.compras.rs.gov.br/anexos/777787-5b8c735bdd3d2d1d411a0099895ad1b9d0bad2876cb478f48a1a3b2cf2cf01e0,documentos/termo-referencia_previsao-eventos-hidrologicos_defesacivil-rs_2025.pdf,348108,9f5350d4812be3dd1cce06961d47fb9e61a57c55dcfda7d4592c20792bbc1fbe,25,2026-10-03,baixado,sim,
D049,Defesa Civil do RS. Página das manchas de inundação,página e mapa,https://www.defesacivil.rs.gov.br/manchas-de-inundacao,https://www.defesacivil.rs.gov.br/manchas-de-inundacao,documentos/pagina-manchas-inundacao_defesacivil-rs_pagina.html,79654,77df40f1aded21ad174b6af70a19d9645833405299c5aa9bd7a69f0e2f9923a8,,2026-10-03,baixado,não se aplica,salvar a página; baixar o PDF do município publicado hoje e comparar com D001; página salva como prova do que estava publicado
D049,Defesa Civil do RS. Página das manchas de inundação,página e mapa,https://www.defesacivil.rs.gov.br/manchas-de-inundacao,https://www.defesacivil.rs.gov.br/upload/arquivos/202607/10115535-uruguaiana-rio-uruguai-pdf.pdf,,18119296,a8b19bf73ac5901c18d8326307304bb502a52318afc97cdfbfb147b8133abaac,,2026-10-03,já tínhamos,não se aplica,arquivo idêntico (sha256) a D001; não foi gravado de novo
D050,ANA (2025). Atlas de Risco a Inundações do RS — metadado,metadado e dados,https://metadados.snirh.gov.br/geonetwork/srv/api/records/62980619-ed9f-44f3-910c-2177af70c73a,https://metadados.snirh.gov.br/geonetwork/srv/api/records/62980619-ed9f-44f3-910c-2177af70c73a,documentos/atlas-risco-inundacoes-rs_metadado_ana_2025_pagina.html,67570,418b9fc2a55f336309afad60d79c43374f23a2a4b8f0f93fd800db149ba6d82b,,2026-10-03,baixado,não se aplica,salvar o metadado e baixar os arquivos que ele anuncia (planilhas e shapefiles); página salva como prova do que estava publicado
D050,ANA (2025). Atlas de Risco a Inundações do RS — metadado,metadado e dados,https://metadados.snirh.gov.br/geonetwork/srv/api/records/62980619-ed9f-44f3-910c-2177af70c73a,https://metadados.snirh.gov.br/geonetwork/srv/api/records/62980619-ed9f-44f3-910c-2177af70c73a/attachments/resultados_RS_Ago_2025_RISCO_FINAL_v6.pdf,,4490882,f5a9cc07f682785d2228807e089a363900436d67f978ca82a38ca3a1dbe9f079,,2026-10-03,já tínhamos,não se aplica,arquivo idêntico (sha256) a D008; não fica guardado em duplicidade
D050,ANA (2025). Atlas de Risco a Inundações do RS — metadado,metadado e dados,https://metadados.snirh.gov.br/geonetwork/srv/api/records/62980619-ed9f-44f3-910c-2177af70c73a,https://metadados.snirh.gov.br/geonetwork/srv/api/records/62980619-ed9f-44f3-910c-2177af70c73a/attachments/Dicionario_Atlas_RS.docx,,31893,41dc407aa150d1701177d3e9f93c878b02f0071abd44636fc09aa9f4640dfa5f,,2026-10-03,já tínhamos,não se aplica,arquivo idêntico (sha256) a D010; não fica guardado em duplicidade
D050,ANA (2025). Atlas de Risco a Inundações do RS — metadado,metadado e dados,https://metadados.snirh.gov.br/geonetwork/srv/api/records/62980619-ed9f-44f3-910c-2177af70c73a,https://metadados.snirh.gov.br/geonetwork/srv/api/records/62980619-ed9f-44f3-910c-2177af70c73a/attachments/Planilha_Atlas_RS.xlsx,,101029,959a80879fa7e9c3e20a3932ca09faa694bee9da9b12441df264d684d8a7ed14,,2026-10-03,já tínhamos,não se aplica,arquivo idêntico (sha256) a D009; não fica guardado em duplicidade
D050,ANA (2025). Atlas de Risco a Inundações do RS — metadado,metadado e dados,https://metadados.snirh.gov.br/geonetwork/srv/api/records/62980619-ed9f-44f3-910c-2177af70c73a,https://metadados.snirh.gov.br/geonetwork/srv/api/records/62980619-ed9f-44f3-910c-2177af70c73a/attachments/SEI_0089981_Nota_Tecnica_5%20(1).pdf,,3038898,3a28803c6c1ea376651cd4ad3e316fc0853af4c05e48cf01883e0de0ee37a311,,2026-10-03,já tínhamos,não se aplica,arquivo idêntico (sha256) a D007; não fica guardado em duplicidade
D050,ANA (2025). Atlas de Risco a Inundações do RS — metadado,metadado e dados,https://metadados.snirh.gov.br/geonetwork/srv/api/records/62980619-ed9f-44f3-910c-2177af70c73a,https://metadados.snirh.gov.br/geonetwork/srv/api/records/62980619-ed9f-44f3-910c-2177af70c73a/attachments/Risco_Inundacoes_V_final.zip,vetor/atlas-risco-inundacoes-rs_metadado_ana_2025_05-risco-inundacoes-v-final.zip,44709,102704e5e35b8b01139fbf38722b2a8138ad7a36ef4c06863b182f233442c36f,,2026-10-03,baixado,não se aplica,salvar o metadado e baixar os arquivos que ele anuncia (planilhas e shapefiles); nome no servidor: Risco_Inundacoes_V_final.zip
D050,ANA (2025). Atlas de Risco a Inundações do RS — metadado,metadado e dados,https://metadados.snirh.gov.br/geonetwork/srv/api/records/62980619-ed9f-44f3-910c-2177af70c73a,https://metadados.snirh.gov.br/geonetwork/srv/api/records/62980619-ed9f-44f3-910c-2177af70c73a/attachments/resultados_RS_Ago_2025_RISCO_FINAL_BC_Litoraneas_v6.pdf,documentos/atlas-risco-inundacoes-rs_metadado_ana_2025_06-resultados-rs-ago-2025-risco-final-bc-litoraneas-v6.pdf,1726770,86346d59ff894404c26d92ee0a70b1b9cf69008e62092c9d766dd22ee7f8df98,1,2026-10-03,baixado,não verificado,salvar o metadado e baixar os arquivos que ele anuncia (planilhas e shapefiles); nome no servidor: resultados_RS_Ago_2025_RISCO_FINAL_BC_Litoraneas_v6.pdf
D050,ANA (2025). Atlas de Risco a Inundações do RS — metadado,metadado e dados,https://metadados.snirh.gov.br/geonetwork/srv/api/records/62980619-ed9f-44f3-910c-2177af70c73a,https://metadados.snirh.gov.br/geonetwork/srv/api/records/62980619-ed9f-44f3-910c-2177af70c73a/attachments/resultados_RS_Ago_2025_RISCO_FINAL_BC_Uruguai_v6.pdf,documentos/atlas-risco-inundacoes-rs_metadado_ana_2025_07-resultados-rs-ago-2025-risco-final-bc-uruguai-v6.pdf,2987596,4c47c942a763cdeca9934c820da94172c4509003a65274ded5bdb09ea1328fd9,1,2026-10-03,baixado,não verificado,salvar o metadado e baixar os arquivos que ele anuncia (planilhas e shapefiles); nome no servidor: resultados_RS_Ago_2025_RISCO_FINAL_BC_Uruguai_v6.pdf
D050,ANA (2025). Atlas de Risco a Inundações do RS — metadado,metadado e dados,https://metadados.snirh.gov.br/geonetwork/srv/api/records/62980619-ed9f-44f3-910c-2177af70c73a,https://metadados.snirh.gov.br/geonetwork/srv/api/records/62980619-ed9f-44f3-910c-2177af70c73a/attachments/resultados_RS_Ago_2025_RISCO_FINAL_RH_Guaiba_v6.pdf,documentos/atlas-risco-inundacoes-rs_metadado_ana_2025_08-resultados-rs-ago-2025-risco-final-rh-guaiba-v6.pdf,2426329,5a659211f25bd19ea4f96f88dd72e0bcddb4bdd13a4d96e9f39a5fc0fa04b992,1,2026-10-03,baixado,não verificado,salvar o metadado e baixar os arquivos que ele anuncia (planilhas e shapefiles); nome no servidor: resultados_RS_Ago_2025_RISCO_FINAL_RH_Guaiba_v6.pdf
D050,ANA (2025). Atlas de Risco a Inundações do RS — metadado,metadado e dados,https://metadados.snirh.gov.br/geonetwork/srv/api/records/62980619-ed9f-44f3-910c-2177af70c73a,https://metadados.snirh.gov.br/geonetwork/srv/api/records/62980619-ed9f-44f3-910c-2177af70c73a/attachments/V4-DIGITAL-FINAL_1.pdf,documentos/atlas-risco-inundacoes-rs_metadado_ana_2025_09-v4-digital-final-1.pdf,63853300,dbb8cfb8f73a8681f2e37beab0847c06eefea1341a54865a2c3e8d578fa5d571,50,2026-10-03,baixado,não verificado,salvar o metadado e baixar os arquivos que ele anuncia (planilhas e shapefiles); nome no servidor: V4-DIGITAL-FINAL_1.pdf
D051,"ANA (2025). Atlas de Risco a Inundações — apresentação da reunião da região Sul, 17/12/2025",apresentação,https://www.gov.br/ana/pt-br/assuntos/monitoramento-e-eventos-criticos/eventos-criticos/apresentacoes-das-reunioes/reuniao_regiaosul_17122025_atlas_inundacoes.pdf,https://www.gov.br/ana/pt-br/assuntos/monitoramento-e-eventos-criticos/eventos-criticos/apresentacoes-das-reunioes/reuniao_regiaosul_17122025_atlas_inundacoes.pdf,documentos/atlas-risco-inundacoes_apresentacao_ana_2025.pdf,2145790,c1777d9e572c705a2792bd465486fbf76ead9aec7e3463eea7f2b5d08daa472e,10,2026-10-03,baixado,sim,
D052,Portaria Interministerial nº 1/2013,portaria,https://www.gov.br/cidades/pt-br/acesso-a-informacao/institucional/base-juridica/secretaria-nacional-de-habitacao,https://www.gov.br/cidades/pt-br/acesso-a-informacao/institucional/base-juridica/secretaria-nacional-de-habitacao,documentos/portaria-interministerial-1-2013_pagina.html,293656,8d18e95c14618841c2396b3ab30e5061c96eb4291ac79f803577401dc377a5a4,,2026-10-03,baixado,não se aplica,"achar o texto da portaria a partir da página; se não houver link, não localizado; página salva como prova do que estava publicado"
D052,Portaria Interministerial nº 1/2013,portaria,https://www.gov.br/cidades/pt-br/acesso-a-informacao/institucional/base-juridica/secretaria-nacional-de-habitacao,http://pesquisa.in.gov.br/imprensa/jsp/visualiza/index.jsp?data=25/07/2013&jornal=1&pagina=28&totalArquivos=104,,,,,,recusado pelo site,não se aplica,"página de bloqueio (captcha, verificação de navegador ou acesso negado) no endereço direto"
D053,SGB. Boletim do sistema de alerta hidrológico da bacia do rio Uruguai (último boletim),boletim,https://www.sgb.gov.br/sace/uruguai/ultimo_boletim.php,https://www.sgb.gov.br/sace/boletins/Uruguai/20261003_16-20261003%20-%20175046.pdf,documentos/boletim-sah-uruguai_sgb_2026-10-03.pdf,1411244,b570be112c909bb0b9e505c1547eee187f616ac9e6a33c423317cc16be18ffb5,5,2026-10-03,baixado,sim,"salvar a página do último boletim e o PDF, com a data no nome"
D054,SGB. Página das manchas de inundação da bacia do rio Uruguai,página e arquivos,https://www.sgb.gov.br/sace/index_manchas_inundacao.php?getbacia=buruguai,https://www.sgb.gov.br/sace/index_manchas_inundacao.php?getbacia=buruguai,documentos/pagina-manchas-bacia-uruguai_sgb_pagina.html,19284,c526596561adc46aadd13a625b14eb4640e6fe7e8841bd3201e3b88d8be6964f,,2026-10-03,baixado,não se aplica,página salva; o item do município abre um mapa interativo (página seguinte) e o relatório técnico do registro D024; não há arquivo para baixar
D054,SGB. Página das manchas de inundação da bacia do rio Uruguai,página e arquivos,https://www.sgb.gov.br/sace/index_manchas_inundacao.php?getbacia=buruguai,https://www.sgb.gov.br/sace/cheias_uruguaiana.html,documentos/pagina-manchas-bacia-uruguai_sgb_01-cheias-uruguaiana.html,529,e68864403e911081a85068cb2a1c3bd97ee5bbd26cfeda286c667d799f38928b,,2026-10-03,baixado,não se aplica,página do município: só incorpora o mapa interativo do geoportal do SGB (visualizador 4257c49a2d454efd84f325f1989ffa13)
D055,"TUCCI, C. E. M.; LOPES, M. S. Zoneamento das áreas de inundação: Rio Uruguai. Revista Brasileira de Engenharia: Caderno de Recursos Hídricos, v. 3, n. 1, p. 19-45, 1985",artigo,,,,,,,,não localizado,não se aplica,sem endereço
D056,"MENEZES, D. J.; SCCOTI, A. A. V. Inventário de registro de inundações no estado do Rio Grande do Sul entre 1980 e 2010. In: ROBAINA; TRENTIN (org.). Desastres naturais no Rio Grande do Sul. Santa Maria: Ed. UFSM, 2013. p. 163-182",capítulo de livro,,,,,,,,pago,não se aplica,sem endereço; livro à venda
D057,"SILVEIRA, G. V. Análise das inundações no médio curso do rio Uruguai - RS. Tese — UFRGS, 2019",tese,https://lume.ufrgs.br/handle/10183/202060,https://lume.ufrgs.br/bitstream/10183/202060/1/001107257.pdf,,,,,,não localizado,não se aplica,sem resposta do servidor no endereço direto em 2026-10-03: SSLError; baixar à mão
D058,"Uruguaiana. Lei nº 2.889, de 17 de maio de 1999 (divisão geográfica dos bairros) — texto",lei,https://sapl.uruguaiana.rs.leg.br/media/sapl/public/normajuridica/1999/1617/1617_texto_integral.pdf,https://sapl.uruguaiana.rs.leg.br/media/sapl/public/normajuridica/1999/1617/1617_texto_integral.pdf,documentos/lei-2889-1999_divisao-dos-bairros_texto.pdf,166560,ae2f480c0ab8f0eddd6d5cff600eba1b982bb4338f908be8b4ad87ca508fda8b,7,2026-10-05,baixado,sim,26 bairros com o limite descrito por ruas; sem mapa; revoga a Lei nº 2.621/95; PDF gerado em 2012; não verificado se houve alteração posterior
