cota_cm,leitura,classe,pop_estimada_exposta,pct_da_pop_exposta
833,absoluta,perda,11.5,100.0
833,relativa,abaixo da média,11.5,100.0
952,absoluta,estável,9.0,3.8
952,absoluta,perda,164.3,69.7
952,absoluta,perda forte,62.5,26.5
952,relativa,abaixo da média,203.3,86.2
952,relativa,acima da média,9.0,3.8
952,relativa,perto da média,23.6,10.0
1205,absoluta,estável,362.8,14.3
1205,absoluta,ganho,151.6,6.0
1205,absoluta,ganho forte,3.2,0.1
1205,absoluta,perda,1715.0,67.5
1205,absoluta,perda forte,306.7,12.1
1205,relativa,abaixo da média,1154.8,45.5
1205,relativa,acima da média,261.2,10.3
1205,relativa,muito abaixo da média,139.0,5.5
1205,relativa,muito acima da média,76.1,3.0
1205,relativa,perto da média,908.2,35.8
1252,absoluta,estável,524.1,15.1
1252,absoluta,ganho,231.7,6.7
1252,absoluta,ganho forte,3.2,0.1
1252,absoluta,perda,2270.1,65.6
1252,absoluta,perda forte,432.1,12.5
1252,relativa,abaixo da média,1542.4,44.6
1252,relativa,acima da média,334.6,9.7
1252,relativa,muito abaixo da média,190.6,5.5
1252,relativa,muito acima da média,103.8,3.0
1252,relativa,perto da média,1289.9,37.3
