zona,bairro,enderecos,pop_estimada,dist_via_mediana_m
interior,(sem bairro — setor rural),1986,2997.4,519.8
urbana da sede,(sem bairro — setor rural),20,32.7,626.8
urbana da sede,Jóquei Clube,18,54.1,152.8
urbana da sede,Distrito Rodoviário,17,50.0,150.8
urbana da sede,Aeroporto,10,24.9,130.7
urbana da sede,Vila Júlia,10,30.1,133.2
urbana da sede,Cabo Luiz Quevedo,7,18.2,175.3
urbana da sede,Salso de Baixo,6,17.0,155.6
urbana da sede,Rio Branco,6,16.6,150.0
urbana da sede,União das Vilas,5,14.1,105.2
urbana da sede,Tabajara Brites,4,12.5,389.8
urbana da sede,Cidade Nova,2,6.0,109.5
urbana da sede,Ipiranga,1,2.5,111.3
