cota_cm,posicao,eid,via,tipo_via,cota_em_que_entra_na_mancha,ponte,ponte_id,comprimento_m,pop_caminho_base
1205,1,1667,Rua General Bento Martins,residential,1205,False,,156.0,765.8
1205,2,2177,Rua Marechal Deodoro,residential,1205,False,,154.0,643.7
1205,3,1665,Rua Tiradentes,residential,1205,False,,158.0,543.3
1205,4,1735,Rua Tiradentes;Rua Marechal Floriano,residential,952,False,,301.0,396.7
1205,5,1662,Rua Tiradentes,residential,1205,False,,158.0,367.4
1205,6,1701,Rua Venancio Aires,residential,1205,False,,146.0,364.5
1205,7,3101,(sem nome no OSM),unclassified,952,False,,672.0,353.6
1205,8,3821,(sem nome no OSM),unclassified,952,True,P02,54.0,320.8
1205,9,3822,(sem nome no OSM),unclassified,952,False,,2392.0,320.8
1205,10,1664,Rua Professor Luiz Antonio Lopes;Rua Tiradentes,residential,1205,False,,312.0,292.2
1205,11,1237,Rua Marechal Deodoro,residential,1205,False,,158.0,290.4
1205,12,1700,Rua General Vasco Alves,residential,1205,False,,153.0,285.5
1205,13,1659,Rua Monte Caseros,residential,1205,False,,154.0,266.1
1205,14,2179,Rua Doutor Antônio Monteiro,residential,952,False,,76.0,262.7
1205,15,1969,Rua Marechal Floriano,residential,1205,False,,157.0,247.2
1252,1,3138,Rua Miguel Barbará,residential,1252,False,,142.0,1453.4
1252,2,1670,Rua General Bento Martins,residential,1252,False,,157.0,988.6
1252,3,1667,Rua General Bento Martins,residential,1205,False,,156.0,765.8
1252,4,2177,Rua Marechal Deodoro,residential,1205,False,,154.0,643.7
1252,5,1721,Rua General Bento Gonçalves,residential,1252,False,,176.0,592.2
1252,6,1665,Rua Tiradentes,residential,1205,False,,158.0,543.3
1252,7,1735,Rua Tiradentes;Rua Marechal Floriano,residential,952,False,,301.0,396.7
1252,8,1662,Rua Tiradentes,residential,1205,False,,158.0,367.4
1252,9,1701,Rua Venancio Aires,residential,1205,False,,146.0,364.5
1252,10,3101,(sem nome no OSM),unclassified,952,False,,672.0,353.6
1252,11,2227,Rua Coronel Rodrigues Portugal,tertiary,1252,False,,154.0,353.6
1252,12,3822,(sem nome no OSM),unclassified,952,False,,2392.0,320.8
1252,13,3821,(sem nome no OSM),unclassified,952,True,P02,54.0,320.8
1252,14,1664,Rua Professor Luiz Antonio Lopes;Rua Tiradentes,residential,1205,False,,312.0,292.2
1252,15,1237,Rua Marechal Deodoro,residential,1205,False,,158.0,290.4
