CD_SETOR,SITUACAO,dom_particulares,dom_ocupados,cnefe_dom_particulares,dif_cnefe_menos_agregado,dif_pct
432240005000001,Urbana,292,271,292.0,0.0,0.0
432240005000002,Urbana,342,314,342.0,0.0,0.0
432240005000003,Urbana,327,294,327.0,0.0,0.0
432240005000004,Urbana,416,370,416.0,0.0,0.0
432240005000005,Urbana,483,436,483.0,0.0,0.0
432240005000006,Urbana,500,470,500.0,0.0,0.0
432240005000007,Urbana,475,413,475.0,0.0,0.0
432240005000008,Urbana,339,295,339.0,0.0,0.0
432240005000009,Urbana,340,299,340.0,0.0,0.0
432240005000010,Urbana,360,320,360.0,0.0,0.0
432240005000011,Urbana,296,243,296.0,0.0,0.0
432240005000013,Urbana,354,333,354.0,0.0,0.0
432240005000014,Urbana,190,165,190.0,0.0,0.0
432240005000015,Urbana,247,226,247.0,0.0,0.0
432240005000017,Urbana,184,167,184.0,0.0,0.0
432240005000018,Urbana,269,235,269.0,0.0,0.0
432240005000019,Urbana,297,274,297.0,0.0,0.0
432240005000020,Urbana,359,342,359.0,0.0,0.0
432240005000021,Urbana,318,269,318.0,0.0,0.0
432240005000022,Urbana,432,389,432.0,0.0,0.0
432240005000023,Urbana,427,409,427.0,0.0,0.0
432240005000024,Urbana,326,273,326.0,0.0,0.0
432240005000025,Urbana,305,284,305.0,0.0,0.0
432240005000026,Urbana,412,380,412.0,0.0,0.0
432240005000027,Urbana,343,323,343.0,0.0,0.0
432240005000028,Urbana,344,324,344.0,0.0,0.0
432240005000029,Urbana,444,431,444.0,0.0,0.0
432240005000030,Urbana,300,276,300.0,0.0,0.0
432240005000031,Urbana,283,261,283.0,0.0,0.0
432240005000032,Urbana,303,285,303.0,0.0,0.0
432240005000033,Urbana,542,477,542.0,0.0,0.0
432240005000036,Urbana,259,238,259.0,0.0,0.0
432240005000037,Urbana,334,310,334.0,0.0,0.0
432240005000038,Urbana,370,353,370.0,0.0,0.0
432240005000040,Urbana,537,504,537.0,0.0,0.0
432240005000041,Urbana,517,503,517.0,0.0,0.0
432240005000042,Urbana,358,334,358.0,0.0,0.0
432240005000043,Urbana,171,145,171.0,0.0,0.0
432240005000044,Urbana,231,215,231.0,0.0,0.0
432240005000047,Urbana,248,232,248.0,0.0,0.0
432240005000048,Urbana,316,299,316.0,0.0,0.0
432240005000049,Urbana,237,219,237.0,0.0,0.0
432240005000050,Urbana,365,343,365.0,0.0,0.0
432240005000051,Urbana,288,271,288.0,0.0,0.0
432240005000052,Urbana,289,277,289.0,0.0,0.0
432240005000054,Urbana,397,369,397.0,0.0,0.0
432240005000056,Urbana,374,346,374.0,0.0,0.0
432240005000057,Urbana,372,347,372.0,0.0,0.0
432240005000058,Urbana,456,439,456.0,0.0,0.0
432240005000059,Urbana,243,227,243.0,0.0,0.0
432240005000060,Urbana,284,260,284.0,0.0,0.0
432240005000061,Urbana,267,246,267.0,0.0,0.0
432240005000062,Urbana,368,349,368.0,0.0,0.0
432240005000063,Urbana,370,353,370.0,0.0,0.0
432240005000064,Urbana,328,316,328.0,0.0,0.0
432240005000065,Urbana,335,310,335.0,0.0,0.0
432240005000066,Urbana,235,220,235.0,0.0,0.0
432240005000067,Urbana,250,221,250.0,0.0,0.0
432240005000070,Urbana,343,317,343.0,0.0,0.0
432240005000071,Urbana,315,295,315.0,0.0,0.0
432240005000072,Urbana,184,175,184.0,0.0,0.0
432240005000073,Urbana,261,235,261.0,0.0,0.0
432240005000074,Urbana,312,267,312.0,0.0,0.0
432240005000075,Urbana,333,289,333.0,0.0,0.0
432240005000076,Urbana,308,287,308.0,0.0,0.0
432240005000077,Urbana,343,292,343.0,0.0,0.0
432240005000078,Urbana,323,290,323.0,0.0,0.0
432240005000079,Urbana,342,302,342.0,0.0,0.0
432240005000080,Urbana,275,236,275.0,0.0,0.0
432240005000081,Urbana,300,287,300.0,0.0,0.0
432240005000082,Urbana,306,277,306.0,0.0,0.0
432240005000083,Urbana,321,294,321.0,0.0,0.0
432240005000084,Urbana,306,271,306.0,0.0,0.0
432240005000085,Urbana,324,304,324.0,0.0,0.0
432240005000086,Urbana,342,315,342.0,0.0,0.0
432240005000087,Urbana,349,330,349.0,0.0,0.0
432240005000088,Urbana,268,240,306.0,38.0,14.17910447761194
432240005000089,Urbana,285,266,285.0,0.0,0.0
432240005000090,Urbana,243,228,243.0,0.0,0.0
432240005000091,Urbana,341,326,341.0,0.0,0.0
432240005000092,Urbana,322,303,322.0,0.0,0.0
432240005000093,Urbana,273,251,273.0,0.0,0.0
432240005000094,Urbana,505,473,505.0,0.0,0.0
432240005000095,Urbana,362,336,362.0,0.0,0.0
432240005000096,Urbana,277,260,277.0,0.0,0.0
432240005000097,Urbana,312,276,312.0,0.0,0.0
432240005000098,Urbana,289,261,289.0,0.0,0.0
432240005000100,Urbana,248,231,248.0,0.0,0.0
432240005000103,Urbana,409,393,409.0,0.0,0.0
432240005000105,Urbana,378,351,378.0,0.0,0.0
432240005000106,Urbana,431,402,431.0,0.0,0.0
432240005000107,Urbana,323,305,323.0,0.0,0.0
432240005000108,Urbana,407,377,407.0,0.0,0.0
432240005000112,Urbana,370,328,370.0,0.0,0.0
432240005000113,Urbana,351,305,351.0,0.0,0.0
432240005000114,Urbana,362,322,362.0,0.0,0.0
432240005000115,Urbana,288,272,288.0,0.0,0.0
432240005000116,Urbana,225,202,225.0,0.0,0.0
432240005000117,Urbana,0,0,0.0,0.0,
432240005000118,Urbana,0,0,0.0,0.0,
432240005000120,Rural,324,210,324.0,0.0,0.0
432240005000121,Rural,242,150,242.0,0.0,0.0
432240005000122,Rural,158,89,158.0,0.0,0.0
432240005000123,Rural,192,139,192.0,0.0,0.0
432240005000124,Rural,310,220,310.0,0.0,0.0
432240005000125,Rural,241,144,241.0,0.0,0.0
432240005000126,Rural,0,0,0.0,0.0,
432240005000128,Urbana,132,122,145.0,13.0,9.848484848484848
432240005000129,Urbana,307,291,307.0,0.0,0.0
432240005000130,Urbana,228,207,228.0,0.0,0.0
432240005000131,Urbana,460,436,460.0,0.0,0.0
432240005000132,Urbana,261,254,261.0,0.0,0.0
432240005000133,Urbana,348,339,348.0,0.0,0.0
432240005000134,Urbana,312,303,312.0,0.0,0.0
432240005000135,Urbana,116,107,116.0,0.0,0.0
432240005000136,Urbana,133,120,133.0,0.0,0.0
432240005000137,Urbana,51,46,96.0,45.0,88.23529411764706
432240005000138,Urbana,243,218,198.0,-45.0,-18.51851851851852
432240005000139,Urbana,210,189,184.0,-26.0,-12.380952380952381
432240005000142,Urbana,402,361,402.0,0.0,0.0
432240005000143,Urbana,374,348,361.0,-13.0,-3.4759358288770055
432240005000145,Urbana,206,196,206.0,0.0,0.0
432240005000147,Urbana,284,262,284.0,0.0,0.0
432240005000148,Urbana,507,481,507.0,0.0,0.0
432240005000149,Rural,293,193,293.0,0.0,0.0
432240005000151,Urbana,64,62,55.0,-9.0,-14.0625
432240005000152,Urbana,442,396,455.0,13.0,2.9411764705882355
432240005000153,Urbana,52,44,39.0,-13.0,-25.0
432240005000154,Urbana,315,300,310.0,-5.0,-1.5873015873015872
432240005000155,Urbana,69,66,74.0,5.0,7.246376811594203
432240005000156,Urbana,274,267,274.0,0.0,0.0
432240005000157,Urbana,49,48,49.0,0.0,0.0
432240005000158,Urbana,141,131,137.0,-4.0,-2.8368794326241136
432240005000159,Urbana,273,255,271.0,-2.0,-0.7326007326007326
432240005000160,Urbana,59,55,61.0,2.0,3.389830508474576
432240005000161,Urbana,335,289,342.0,7.0,2.08955223880597
432240005000162,Urbana,96,82,89.0,-7.0,-7.291666666666667
432240005000163,Urbana,56,52,57.0,1.0,1.7857142857142858
432240005000164,Urbana,139,131,151.0,12.0,8.633093525179856
432240005000165,Urbana,185,175,184.0,-1.0,-0.5405405405405406
432240005000166,Urbana,226,215,227.0,1.0,0.4424778761061947
432240005000167,Urbana,242,219,269.0,27.0,11.15702479338843
432240005000168,Urbana,92,88,53.0,-39.0,-42.391304347826086
432240005000169,Urbana,311,290,315.0,4.0,1.2861736334405145
432240005000170,Urbana,151,140,147.0,-4.0,-2.6490066225165565
432240005000171,Urbana,196,183,198.0,2.0,1.0204081632653061
432240005000172,Urbana,86,84,84.0,-2.0,-2.3255813953488373
432240005000173,Urbana,279,265,276.0,-3.0,-1.075268817204301
432240005000174,Urbana,75,72,78.0,3.0,4.0
432240005000175,Urbana,307,274,322.0,15.0,4.88599348534202
432240005000176,Urbana,42,35,27.0,-15.0,-35.714285714285715
432240005000177,Urbana,195,176,194.0,-1.0,-0.5128205128205128
432240005000178,Urbana,73,63,74.0,1.0,1.36986301369863
432240005000179,Rural,16,13,16.0,0.0,0.0
432240005000180,Urbana,140,89,140.0,0.0,0.0
432240020000001,Urbana,89,63,89.0,0.0,0.0
432240020000002,Rural,188,122,188.0,0.0,0.0
432240020000003,Rural,194,88,194.0,0.0,0.0
432240025000001,Urbana,212,129,212.0,0.0,0.0
432240025000002,Rural,174,87,174.0,0.0,0.0
432240025000003,Rural,116,68,116.0,0.0,0.0
432240025000004,Rural,183,99,183.0,0.0,0.0
432240025000005,Rural,129,67,129.0,0.0,0.0
432240025000006,Rural,147,82,147.0,0.0,0.0
432240030000001,Urbana,366,192,366.0,0.0,0.0
432240030000002,Rural,23,19,23.0,0.0,0.0
432240030000003,Rural,101,70,101.0,0.0,0.0
432240030000004,Rural,75,53,75.0,0.0,0.0
432240030000006,Urbana,445,228,445.0,0.0,0.0
432240030000007,Urbana,332,168,332.0,0.0,0.0
432240030000009,Urbana,69,38,69.0,0.0,0.0
432240030000010,Rural,86,42,86.0,0.0,0.0
432240035000002,Rural,46,22,46.0,0.0,0.0
432240035000003,Rural,75,50,75.0,0.0,0.0
432240035000004,Rural,81,53,81.0,0.0,0.0
432240035000006,Rural,83,45,83.0,0.0,0.0
432240035000007,Rural,68,35,68.0,0.0,0.0
432240035000008,Rural,11,10,11.0,0.0,0.0
432240035000010,Rural,82,64,82.0,0.0,0.0
