conferencia,ano,item,valor_a,fonte_a,valor_b,fonte_b,dif_a_menos_b,dif_pct_de_b
"tabela 200 × universo, por grupo de idade",2000,0 a 4,13201.0,SIDRA 200,13201.0,SIDRA 1552,0.0,0.0
"tabela 200 × universo, por grupo de idade",2000,5 a 9,12646.0,SIDRA 200,12646.0,SIDRA 1552,0.0,0.0
"tabela 200 × universo, por grupo de idade",2000,10 a 14,12425.0,SIDRA 200,12425.0,SIDRA 1552,0.0,0.0
"tabela 200 × universo, por grupo de idade",2000,15 a 19,12501.0,SIDRA 200,12501.0,SIDRA 1552,0.0,0.0
"tabela 200 × universo, por grupo de idade",2000,20 a 24,11193.0,SIDRA 200,11193.0,SIDRA 1552,0.0,0.0
"tabela 200 × universo, por grupo de idade",2000,25 a 29,9935.0,SIDRA 200,9935.0,SIDRA 1552,0.0,0.0
"tabela 200 × universo, por grupo de idade",2000,30 a 34,9854.0,SIDRA 200,9854.0,SIDRA 1552,0.0,0.0
"tabela 200 × universo, por grupo de idade",2000,35 a 39,9831.0,SIDRA 200,9831.0,SIDRA 1552,0.0,0.0
"tabela 200 × universo, por grupo de idade",2000,40 a 44,8363.0,SIDRA 200,8363.0,SIDRA 1552,0.0,0.0
"tabela 200 × universo, por grupo de idade",2000,45 a 49,6679.0,SIDRA 200,6679.0,SIDRA 1552,0.0,0.0
"tabela 200 × universo, por grupo de idade",2000,50 a 54,5265.0,SIDRA 200,5542.0,SIDRA 1552,-277.0,-4.998196
"tabela 200 × universo, por grupo de idade",2000,55 a 59,4494.0,SIDRA 200,4217.0,SIDRA 1552,277.0,6.568651
"tabela 200 × universo, por grupo de idade",2000,60 a 64,3644.0,SIDRA 200,3529.0,SIDRA 1552,115.0,3.258714
"tabela 200 × universo, por grupo de idade",2000,65 a 69,2425.0,SIDRA 200,2540.0,SIDRA 1552,-115.0,-4.527559
"tabela 200 × universo, por grupo de idade",2000,70 a 74,1904.0,SIDRA 200,1971.0,SIDRA 1552,-67.0,-3.39929
"tabela 200 × universo, por grupo de idade",2000,75 a 79,1278.0,SIDRA 200,1223.0,SIDRA 1552,55.0,4.497138
"tabela 200 × universo, por grupo de idade",2000,80+,1298.0,SIDRA 200,1286.0,SIDRA 1552,12.0,0.933126
"tabela 200 × universo, por grupo de idade",2000,total,126936.0,SIDRA 200,126936.0,SIDRA 202,0.0,0.0
"tabela 200 × universo, por grupo de idade",2010,0 a 4,9583.0,SIDRA 200,9575.0,SIDRA 1552,8.0,0.083551
"tabela 200 × universo, por grupo de idade",2010,5 a 9,10972.0,SIDRA 200,10972.0,SIDRA 1552,0.0,0.0
"tabela 200 × universo, por grupo de idade",2010,10 a 14,12105.0,SIDRA 200,12105.0,SIDRA 1552,0.0,0.0
"tabela 200 × universo, por grupo de idade",2010,15 a 19,11181.0,SIDRA 200,11181.0,SIDRA 1552,0.0,0.0
"tabela 200 × universo, por grupo de idade",2010,20 a 24,10040.0,SIDRA 200,10040.0,SIDRA 1552,0.0,0.0
"tabela 200 × universo, por grupo de idade",2010,25 a 29,10005.0,SIDRA 200,10005.0,SIDRA 1552,0.0,0.0
"tabela 200 × universo, por grupo de idade",2010,30 a 34,9269.0,SIDRA 200,9269.0,SIDRA 1552,0.0,0.0
"tabela 200 × universo, por grupo de idade",2010,35 a 39,8627.0,SIDRA 200,8627.0,SIDRA 1552,0.0,0.0
"tabela 200 × universo, por grupo de idade",2010,40 a 44,8651.0,SIDRA 200,8651.0,SIDRA 1552,0.0,0.0
"tabela 200 × universo, por grupo de idade",2010,45 a 49,8396.0,SIDRA 200,8396.0,SIDRA 1552,0.0,0.0
"tabela 200 × universo, por grupo de idade",2010,50 a 54,7346.0,SIDRA 200,7199.0,SIDRA 1552,147.0,2.04195
"tabela 200 × universo, por grupo de idade",2010,55 a 59,5566.0,SIDRA 200,5713.0,SIDRA 1552,-147.0,-2.573079
"tabela 200 × universo, por grupo de idade",2010,60 a 64,4518.0,SIDRA 200,4582.0,SIDRA 1552,-64.0,-1.39677
"tabela 200 × universo, por grupo de idade",2010,65 a 69,3306.0,SIDRA 200,3242.0,SIDRA 1552,64.0,1.97409
"tabela 200 × universo, por grupo de idade",2010,70 a 74,2425.0,SIDRA 200,2482.0,SIDRA 1552,-57.0,-2.296535
"tabela 200 × universo, por grupo de idade",2010,75 a 79,1628.0,SIDRA 200,1604.0,SIDRA 1552,24.0,1.496259
"tabela 200 × universo, por grupo de idade",2010,80+,1816.0,SIDRA 200,1792.0,SIDRA 1552,24.0,1.339286
"tabela 200 × universo, por grupo de idade",2010,total,125435.0,SIDRA 200,125435.0,SIDRA 202,0.0,0.0
soma das idades × total,1970,idade declarada + ignorada,74613.0,SIDRA 200,74613.0,SIDRA 202/9923,0.0,0.0
homens + mulheres × total,1970,população,74613.0,SIDRA 202/9514,74613.0,SIDRA 202/9923,0.0,0.0
urbana + rural × total,1970,população,74613.0,SIDRA 202/9923,74613.0,SIDRA 202/9923,0.0,0.0
soma das idades × total,1980,idade declarada + ignorada,91498.0,SIDRA 200,91498.0,SIDRA 202/9923,0.0,0.0
homens + mulheres × total,1980,população,91498.0,SIDRA 202/9514,91498.0,SIDRA 202/9923,0.0,0.0
urbana + rural × total,1980,população,91498.0,SIDRA 202/9923,91498.0,SIDRA 202/9923,0.0,0.0
soma das idades × total,1991,idade declarada + ignorada,117456.0,SIDRA 200,117456.0,SIDRA 202/9923,0.0,0.0
homens + mulheres × total,1991,população,117456.0,SIDRA 202/9514,117456.0,SIDRA 202/9923,0.0,0.0
urbana + rural × total,1991,população,117456.0,SIDRA 202/9923,117456.0,SIDRA 202/9923,0.0,0.0
soma das idades × total,2000,idade declarada + ignorada,126936.0,SIDRA 1552/9514,126936.0,SIDRA 202/9923,0.0,0.0
homens + mulheres × total,2000,população,126936.0,SIDRA 202/9514,126936.0,SIDRA 202/9923,0.0,0.0
urbana + rural × total,2000,população,126936.0,SIDRA 202/9923,126936.0,SIDRA 202/9923,0.0,0.0
soma das idades × total,2010,idade declarada + ignorada,125435.0,SIDRA 1552/9514,125435.0,SIDRA 202/9923,0.0,0.0
homens + mulheres × total,2010,população,125435.0,SIDRA 202/9514,125435.0,SIDRA 202/9923,0.0,0.0
urbana + rural × total,2010,população,125435.0,SIDRA 202/9923,125435.0,SIDRA 202/9923,0.0,0.0
soma das idades × total,2022,idade declarada + ignorada,117210.0,SIDRA 1552/9514,117210.0,SIDRA 202/9923,0.0,0.0
homens + mulheres × total,2022,população,117210.0,SIDRA 202/9514,117210.0,SIDRA 202/9923,0.0,0.0
urbana + rural × total,2022,população,117210.0,SIDRA 202/9923,117210.0,SIDRA 202/9923,0.0,0.0
"tabela 200 × tabela 205, por grupo de idade",1991,0 a 4,13092.0,SIDRA 200,13092.0,SIDRA 205,0.0,0.0
"tabela 200 × tabela 205, por grupo de idade",1991,5 a 9,13492.0,SIDRA 200,13492.0,SIDRA 205,0.0,0.0
"tabela 200 × tabela 205, por grupo de idade",1991,10 a 14,12702.0,SIDRA 200,12702.0,SIDRA 205,0.0,0.0
"tabela 200 × tabela 205, por grupo de idade",1991,15 a 19,11145.0,SIDRA 200,11145.0,SIDRA 205,0.0,0.0
"tabela 200 × tabela 205, por grupo de idade",1991,20 a 24,10513.0,SIDRA 200,10513.0,SIDRA 205,0.0,0.0
"tabela 200 × tabela 205, por grupo de idade",1991,25 a 29,10552.0,SIDRA 200,10552.0,SIDRA 205,0.0,0.0
"tabela 200 × tabela 205, por grupo de idade",1991,30 a 34,9415.0,SIDRA 200,9415.0,SIDRA 205,0.0,0.0
"tabela 200 × tabela 205, por grupo de idade",1991,35 a 39,7913.0,SIDRA 200,7913.0,SIDRA 205,0.0,0.0
"tabela 200 × tabela 205, por grupo de idade",1991,40 a 44,6651.0,SIDRA 200,6651.0,SIDRA 205,0.0,0.0
"tabela 200 × tabela 205, por grupo de idade",1991,45 a 49,5315.0,SIDRA 200,5315.0,SIDRA 205,0.0,0.0
"tabela 200 × tabela 205, por grupo de idade",1991,50 a 54,4407.0,SIDRA 200,4407.0,SIDRA 205,0.0,0.0
"tabela 200 × tabela 205, por grupo de idade",1991,55 a 59,3404.0,SIDRA 200,3404.0,SIDRA 205,0.0,0.0
"tabela 200 × tabela 205, por grupo de idade",1991,60 a 64,2970.0,SIDRA 200,2970.0,SIDRA 205,0.0,0.0
"tabela 200 × tabela 205, por grupo de idade",1991,65 a 69,2136.0,SIDRA 200,2136.0,SIDRA 205,0.0,0.0
"tabela 200 × tabela 205, por grupo de idade",1991,70 a 74,1548.0,SIDRA 200,1548.0,SIDRA 205,0.0,0.0
"tabela 200 × tabela 205, por grupo de idade",1991,75 a 79,1136.0,SIDRA 200,1136.0,SIDRA 205,0.0,0.0
"tabela 200 × tabela 205, por grupo de idade",1991,80+,1065.0,SIDRA 200,1065.0,SIDRA 205,0.0,0.0
domicílios 1991,1991,domicílios particulares permanentes,29849.0,SIDRA 206,29849.0,SIDRA 185,0.0,0.0
série longa × tabela atual de indicadores (2 casas),2000,pct_0_14,30.15,série longa,30.15,indicadores-etarios_ibge-censo_2000-2022_municipal.csv,0.0,0.0
série longa × tabela atual de indicadores (2 casas),2000,pct_15_59,61.54,série longa,61.54,indicadores-etarios_ibge-censo_2000-2022_municipal.csv,0.0,0.0
série longa × tabela atual de indicadores (2 casas),2000,pct_60_mais,8.31,série longa,8.31,indicadores-etarios_ibge-censo_2000-2022_municipal.csv,0.0,0.0
série longa × tabela atual de indicadores (2 casas),2000,pct_80_mais,1.01,série longa,1.01,indicadores-etarios_ibge-censo_2000-2022_municipal.csv,0.0,0.0
série longa × tabela atual de indicadores (2 casas),2000,indice_envelhecimento_60_por_0_14,27.56,série longa,27.56,indicadores-etarios_ibge-censo_2000-2022_municipal.csv,0.0,0.0
série longa × tabela atual de indicadores (2 casas),2000,razao_dependencia_total,62.5,série longa,62.5,indicadores-etarios_ibge-censo_2000-2022_municipal.csv,0.0,0.0
série longa × tabela atual de indicadores (2 casas),2000,razao_dependencia_jovem,48.99,série longa,48.99,indicadores-etarios_ibge-censo_2000-2022_municipal.csv,0.0,0.0
série longa × tabela atual de indicadores (2 casas),2000,razao_dependencia_idosa,13.5,série longa,13.5,indicadores-etarios_ibge-censo_2000-2022_municipal.csv,0.0,0.0
série longa × tabela atual de indicadores (2 casas),2000,razao_sexos_h100m,97.78,série longa,97.78,indicadores-etarios_ibge-censo_2000-2022_municipal.csv,0.0,0.0
série longa × tabela atual de indicadores (2 casas),2000,idade_mediana_anos,25.72,série longa,25.72,indicadores-etarios_ibge-censo_2000-2022_municipal.csv,0.0,0.0
série longa × tabela atual de indicadores (2 casas),2000,pop_soma_idades,126936.0,série longa,126936.0,indicadores-etarios_ibge-censo_2000-2022_municipal.csv,0.0,0.0
série longa × tabela atual de indicadores (2 casas),2010,pct_0_14,26.03,série longa,26.03,indicadores-etarios_ibge-censo_2000-2022_municipal.csv,0.0,0.0
série longa × tabela atual de indicadores (2 casas),2010,pct_15_59,63.05,série longa,63.05,indicadores-etarios_ibge-censo_2000-2022_municipal.csv,0.0,0.0
série longa × tabela atual de indicadores (2 casas),2010,pct_60_mais,10.92,série longa,10.92,indicadores-etarios_ibge-censo_2000-2022_municipal.csv,0.0,0.0
série longa × tabela atual de indicadores (2 casas),2010,pct_80_mais,1.43,série longa,1.43,indicadores-etarios_ibge-censo_2000-2022_municipal.csv,0.0,0.0
série longa × tabela atual de indicadores (2 casas),2010,indice_envelhecimento_60_por_0_14,41.96,série longa,41.96,indicadores-etarios_ibge-censo_2000-2022_municipal.csv,0.0,0.0
série longa × tabela atual de indicadores (2 casas),2010,razao_dependencia_total,58.62,série longa,58.62,indicadores-etarios_ibge-censo_2000-2022_municipal.csv,0.0,0.0
série longa × tabela atual de indicadores (2 casas),2010,razao_dependencia_jovem,41.29,série longa,41.29,indicadores-etarios_ibge-censo_2000-2022_municipal.csv,0.0,0.0
série longa × tabela atual de indicadores (2 casas),2010,razao_dependencia_idosa,17.33,série longa,17.33,indicadores-etarios_ibge-censo_2000-2022_municipal.csv,0.0,0.0
série longa × tabela atual de indicadores (2 casas),2010,razao_sexos_h100m,94.7,série longa,94.7,indicadores-etarios_ibge-censo_2000-2022_municipal.csv,0.0,0.0
série longa × tabela atual de indicadores (2 casas),2010,idade_mediana_anos,29.42,série longa,29.42,indicadores-etarios_ibge-censo_2000-2022_municipal.csv,0.0,0.0
série longa × tabela atual de indicadores (2 casas),2010,pop_soma_idades,125435.0,série longa,125435.0,indicadores-etarios_ibge-censo_2000-2022_municipal.csv,0.0,0.0
série longa × tabela atual de indicadores (2 casas),2022,pct_0_14,20.57,série longa,20.57,indicadores-etarios_ibge-censo_2000-2022_municipal.csv,0.0,0.0
série longa × tabela atual de indicadores (2 casas),2022,pct_15_59,62.18,série longa,62.18,indicadores-etarios_ibge-censo_2000-2022_municipal.csv,0.0,0.0
série longa × tabela atual de indicadores (2 casas),2022,pct_60_mais,17.25,série longa,17.25,indicadores-etarios_ibge-censo_2000-2022_municipal.csv,0.0,0.0
série longa × tabela atual de indicadores (2 casas),2022,pct_80_mais,2.19,série longa,2.19,indicadores-etarios_ibge-censo_2000-2022_municipal.csv,0.0,0.0
série longa × tabela atual de indicadores (2 casas),2022,indice_envelhecimento_60_por_0_14,83.86,série longa,83.86,indicadores-etarios_ibge-censo_2000-2022_municipal.csv,0.0,0.0
série longa × tabela atual de indicadores (2 casas),2022,razao_dependencia_total,60.83,série longa,60.83,indicadores-etarios_ibge-censo_2000-2022_municipal.csv,0.0,0.0
série longa × tabela atual de indicadores (2 casas),2022,razao_dependencia_jovem,33.09,série longa,33.09,indicadores-etarios_ibge-censo_2000-2022_municipal.csv,0.0,0.0
série longa × tabela atual de indicadores (2 casas),2022,razao_dependencia_idosa,27.75,série longa,27.75,indicadores-etarios_ibge-censo_2000-2022_municipal.csv,0.0,0.0
série longa × tabela atual de indicadores (2 casas),2022,razao_sexos_h100m,92.9,série longa,92.9,indicadores-etarios_ibge-censo_2000-2022_municipal.csv,0.0,0.0
série longa × tabela atual de indicadores (2 casas),2022,idade_mediana_anos,35.43,série longa,35.43,indicadores-etarios_ibge-censo_2000-2022_municipal.csv,0.0,0.0
série longa × tabela atual de indicadores (2 casas),2022,pop_soma_idades,117210.0,série longa,117210.0,indicadores-etarios_ibge-censo_2000-2022_municipal.csv,0.0,0.0
série longa × tabela atual de população,2000,total,126936.0,série longa,126936.0,populacao-sexo-situacao_ibge-censo_2000-2022_municipal.csv,0.0,0.0
série longa × tabela atual de população,2000,urbana,118538.0,série longa,118538.0,populacao-sexo-situacao_ibge-censo_2000-2022_municipal.csv,0.0,0.0
série longa × tabela atual de população,2000,rural,8398.0,série longa,8398.0,populacao-sexo-situacao_ibge-censo_2000-2022_municipal.csv,0.0,0.0
série longa × tabela atual de população,2000,homens,62755.0,série longa,62755.0,populacao-sexo-situacao_ibge-censo_2000-2022_municipal.csv,0.0,0.0
série longa × tabela atual de população,2000,mulheres,64181.0,série longa,64181.0,populacao-sexo-situacao_ibge-censo_2000-2022_municipal.csv,0.0,0.0
série longa × tabela atual de população,2010,total,125435.0,série longa,125435.0,populacao-sexo-situacao_ibge-censo_2000-2022_municipal.csv,0.0,0.0
série longa × tabela atual de população,2010,urbana,117415.0,série longa,117415.0,populacao-sexo-situacao_ibge-censo_2000-2022_municipal.csv,0.0,0.0
série longa × tabela atual de população,2010,rural,8020.0,série longa,8020.0,populacao-sexo-situacao_ibge-censo_2000-2022_municipal.csv,0.0,0.0
série longa × tabela atual de população,2010,homens,61009.0,série longa,61009.0,populacao-sexo-situacao_ibge-censo_2000-2022_municipal.csv,0.0,0.0
série longa × tabela atual de população,2010,mulheres,64426.0,série longa,64426.0,populacao-sexo-situacao_ibge-censo_2000-2022_municipal.csv,0.0,0.0
série longa × tabela atual de população,2022,total,117210.0,série longa,117210.0,populacao-sexo-situacao_ibge-censo_2000-2022_municipal.csv,0.0,0.0
série longa × tabela atual de população,2022,urbana,111272.0,série longa,111272.0,populacao-sexo-situacao_ibge-censo_2000-2022_municipal.csv,0.0,0.0
série longa × tabela atual de população,2022,rural,5938.0,série longa,5938.0,populacao-sexo-situacao_ibge-censo_2000-2022_municipal.csv,0.0,0.0
série longa × tabela atual de população,2022,homens,56449.0,série longa,56449.0,populacao-sexo-situacao_ibge-censo_2000-2022_municipal.csv,0.0,0.0
série longa × tabela atual de população,2022,mulheres,60761.0,série longa,60761.0,populacao-sexo-situacao_ibge-censo_2000-2022_municipal.csv,0.0,0.0
série longa × tabela atual da pirâmide,2000,maior diferença absoluta em 34 células,0.0,série longa − tabela atual,0.0,piramide-etaria_ibge-censo_2000-2022_municipal.csv,0.0,
série longa × tabela atual da pirâmide,2010,maior diferença absoluta em 34 células,0.0,série longa − tabela atual,0.0,piramide-etaria_ibge-censo_2000-2022_municipal.csv,0.0,
série longa × tabela atual da pirâmide,2022,maior diferença absoluta em 34 células,0.0,série longa − tabela atual,0.0,piramide-etaria_ibge-censo_2000-2022_municipal.csv,0.0,
série longa × tabela atual de domicílios,2000,domicilios,34558.0,série longa,34558.0,domicilios_ibge-censo_2000-2022_municipal.csv,0.0,0.0
série longa × tabela atual de domicílios,2000,moradores,125824.0,série longa,125824.0,domicilios_ibge-censo_2000-2022_municipal.csv,0.0,0.0
série longa × tabela atual de domicílios,2010,domicilios,37422.0,série longa,37422.0,domicilios_ibge-censo_2000-2022_municipal.csv,0.0,0.0
série longa × tabela atual de domicílios,2010,moradores,124321.0,série longa,124321.0,domicilios_ibge-censo_2000-2022_municipal.csv,0.0,0.0
série longa × tabela atual de domicílios,2022,domicilios,41707.0,série longa,41707.0,domicilios_ibge-censo_2000-2022_municipal.csv,0.0,0.0
série longa × tabela atual de domicílios,2022,moradores,116405.0,série longa,116405.0,domicilios_ibge-censo_2000-2022_municipal.csv,0.0,0.0
