ano,serie,pop_idade_declarada,pop_idade_ignorada,pct_0_14,pct_15_59,pct_60_mais,pct_80_mais,indice_envelhecimento_60_por_0_14,razao_dependencia_total,razao_dependencia_jovem,razao_dependencia_idosa,razao_sexos_h100m,idade_mediana_anos,idade_mediana_metodo,idade_mediana_grupo_quinquenal_anos
1970,como publicado,74598.0,15.0,39.06539,54.828548,6.106062,0.583126,15.630362,82.386739,71.250092,11.136647,101.373745,19.910306,grupo quinquenal (interpolação na classe de 5 anos),19.910306
1970,território constante,74598.0,15.0,39.06539,54.828548,6.106062,0.583126,15.630362,82.386739,71.250092,11.136647,101.373745,19.910306,grupo quinquenal (interpolação na classe de 5 anos),19.910306
1980,como publicado,91453.0,45.0,34.913015,57.776125,7.310859,0.688878,20.940211,73.081873,60.428101,12.653772,101.280303,21.944508,grupo quinquenal (interpolação na classe de 5 anos),21.944508
1980,território constante,91453.0,45.0,34.913015,57.776125,7.310859,0.688878,20.940211,73.081873,60.428101,12.653772,101.280303,21.944508,grupo quinquenal (interpolação na classe de 5 anos),21.944508
1991,como publicado,117456.0,0.0,33.447419,59.013588,7.538993,0.906723,22.539836,69.452499,56.677487,12.775013,98.764659,23.946067,grupo quinquenal (interpolação na classe de 5 anos),23.946067
1991,território constante,117456.0,0.0,33.447419,59.013588,7.538993,0.906723,22.539836,69.452499,56.677487,12.775013,98.764659,23.946067,grupo quinquenal (interpolação na classe de 5 anos),23.946067
2000,como publicado,126936.0,0.0,30.150627,61.538886,8.310487,1.013109,27.563232,62.49888,48.994431,13.504449,97.778159,25.722463,idade simples (interpolação na classe de 1 ano),25.755913
2000,território constante,130820.0,0.0,30.251491,61.501299,8.24721,1.004434,27.26216,62.59819,49.188376,13.409814,98.227138,25.669776,idade simples (interpolação na classe de 1 ano),25.700556
2010,como publicado,125435.0,0.0,26.031012,63.045402,10.923586,1.428628,41.963739,58.61585,41.289311,17.326539,94.696241,29.42004,idade simples (interpolação na classe de 1 ano),29.42004
2010,território constante,129447.0,0.0,26.066267,63.053605,10.880129,1.418341,41.740264,58.595214,41.339851,17.255363,95.2149,29.389104,idade simples (interpolação na classe de 1 ano),29.389636
2022,como publicado,117210.0,0.0,20.572477,62.175582,17.251941,2.189233,83.859329,60.834843,33.087711,27.747132,92.903343,35.429808,idade simples (interpolação na classe de 1 ano),35.419585
2022,território constante,121451.0,0.0,20.690649,62.183103,17.126248,2.159719,82.772892,60.815392,33.273748,27.541643,93.334819,35.330669,idade simples (interpolação na classe de 1 ano),35.324295
