ano,sexo,grupo,pop,pct_pop_total
2000,Homens,0 a 4,6653,5.241
2000,Homens,5 a 9,6366,5.015
2000,Homens,10 a 14,6341,4.995
2000,Homens,15 a 19,6200,4.884
2000,Homens,20 a 24,5572,4.39
2000,Homens,25 a 29,4983,3.926
2000,Homens,30 a 34,4831,3.806
2000,Homens,35 a 39,4855,3.825
2000,Homens,40 a 44,4147,3.267
2000,Homens,45 a 49,3323,2.618
2000,Homens,50 a 54,2784,2.193
2000,Homens,55 a 59,2059,1.622
2000,Homens,60 a 64,1682,1.325
2000,Homens,65 a 69,1138,0.897
2000,Homens,70 a 74,877,0.691
2000,Homens,75 a 79,491,0.387
2000,Homens,80+,453,0.357
2000,Mulheres,0 a 4,6548,5.159
2000,Mulheres,5 a 9,6280,4.947
2000,Mulheres,10 a 14,6084,4.793
2000,Mulheres,15 a 19,6301,4.964
2000,Mulheres,20 a 24,5621,4.428
2000,Mulheres,25 a 29,4952,3.901
2000,Mulheres,30 a 34,5023,3.957
2000,Mulheres,35 a 39,4976,3.92
2000,Mulheres,40 a 44,4216,3.321
2000,Mulheres,45 a 49,3356,2.644
2000,Mulheres,50 a 54,2758,2.173
2000,Mulheres,55 a 59,2158,1.7
2000,Mulheres,60 a 64,1847,1.455
2000,Mulheres,65 a 69,1402,1.104
2000,Mulheres,70 a 74,1094,0.862
2000,Mulheres,75 a 79,732,0.577
2000,Mulheres,80+,833,0.656
2010,Homens,0 a 4,4775,3.807
2010,Homens,5 a 9,5513,4.395
2010,Homens,10 a 14,6077,4.845
2010,Homens,15 a 19,5582,4.45
2010,Homens,20 a 24,4955,3.95
2010,Homens,25 a 29,4866,3.879
2010,Homens,30 a 34,4501,3.588
2010,Homens,35 a 39,4261,3.397
2010,Homens,40 a 44,4179,3.332
2010,Homens,45 a 49,4077,3.25
2010,Homens,50 a 54,3488,2.781
2010,Homens,55 a 59,2730,2.176
2010,Homens,60 a 64,2216,1.767
2010,Homens,65 a 69,1486,1.185
2010,Homens,70 a 74,1060,0.845
2010,Homens,75 a 79,636,0.507
2010,Homens,80+,607,0.484
2010,Mulheres,0 a 4,4800,3.827
2010,Mulheres,5 a 9,5459,4.352
2010,Mulheres,10 a 14,6028,4.806
2010,Mulheres,15 a 19,5599,4.464
2010,Mulheres,20 a 24,5085,4.054
2010,Mulheres,25 a 29,5139,4.097
2010,Mulheres,30 a 34,4768,3.801
2010,Mulheres,35 a 39,4366,3.481
2010,Mulheres,40 a 44,4472,3.565
2010,Mulheres,45 a 49,4319,3.443
2010,Mulheres,50 a 54,3711,2.959
2010,Mulheres,55 a 59,2983,2.378
2010,Mulheres,60 a 64,2366,1.886
2010,Mulheres,65 a 69,1756,1.4
2010,Mulheres,70 a 74,1422,1.134
2010,Mulheres,75 a 79,968,0.772
2010,Mulheres,80+,1185,0.945
2022,Homens,0 a 4,3934,3.356
2022,Homens,5 a 9,4230,3.609
2022,Homens,10 a 14,4032,3.44
2022,Homens,15 a 19,4472,3.815
2022,Homens,20 a 24,4352,3.713
2022,Homens,25 a 29,4000,3.413
2022,Homens,30 a 34,3770,3.216
2022,Homens,35 a 39,3944,3.365
2022,Homens,40 a 44,3974,3.39
2022,Homens,45 a 49,3701,3.158
2022,Homens,50 a 54,3626,3.094
2022,Homens,55 a 59,3473,2.963
2022,Homens,60 a 64,3121,2.663
2022,Homens,65 a 69,2330,1.988
2022,Homens,70 a 74,1617,1.38
2022,Homens,75 a 79,995,0.849
2022,Homens,80+,878,0.749
2022,Mulheres,0 a 4,3791,3.234
2022,Mulheres,5 a 9,4030,3.438
2022,Mulheres,10 a 14,4096,3.495
2022,Mulheres,15 a 19,4258,3.633
2022,Mulheres,20 a 24,4628,3.948
2022,Mulheres,25 a 29,4287,3.658
2022,Mulheres,30 a 34,4030,3.438
2022,Mulheres,35 a 39,4338,3.701
2022,Mulheres,40 a 44,4403,3.757
2022,Mulheres,45 a 49,3839,3.275
2022,Mulheres,50 a 54,3856,3.29
2022,Mulheres,55 a 59,3925,3.349
2022,Mulheres,60 a 64,3419,2.917
2022,Mulheres,65 a 69,2762,2.356
2022,Mulheres,70 a 74,2004,1.71
2022,Mulheres,75 a 79,1407,1.2
2022,Mulheres,80+,1688,1.44
