CD_SETOR,SITUACAO,CD_SIT,CD_TIPO,CD_DIST,NM_DIST,CD_BAIRRO,NM_BAIRRO,area_ha,pop,dom_particulares,dom_ocupados,dppo,dens_hab_ha,mor_por_dom,pop_0_14,pct_0_14,pop_60_mais,pct_60_mais,dom_1_morador,pct_dom_1_morador
432240005000001,Urbana,1,0,432240005,Uruguaiana,4322400001,Centro,14.42606655427031,605,292,271,271.0,41.93797371750735,2.2103321033210332,82.0,13.553719008264462,141.0,23.305785123966942,89.0,32.84132841328413
432240005000002,Urbana,1,0,432240005,Uruguaiana,4322400001,Centro,14.227549477560238,742,342,314,314.0,52.152340160214244,2.3630573248407645,112.0,15.09433962264151,150.0,20.21563342318059,83.0,26.43312101910828
432240005000003,Urbana,1,0,432240005,Uruguaiana,4322400001,Centro,14.452205590489509,739,327,294,294.0,51.13406361215274,2.5,108.0,14.614343707713125,176.0,23.815967523680648,68.0,23.12925170068027
432240005000004,Urbana,1,0,432240005,Uruguaiana,4322400001,Centro,14.447794747093425,854,416,370,370.0,59.109366858343954,2.2675675675675677,134.0,15.690866510538642,220.0,25.761124121779858,115.0,31.08108108108108
432240005000005,Urbana,1,0,432240005,Uruguaiana,4322400001,Centro,15.255354756255663,919,483,436,436.0,60.241142515755115,2.1077981651376145,118.0,12.840043525571273,274.0,29.815016322089228,170.0,38.99082568807339
432240005000006,Urbana,1,0,432240005,Uruguaiana,4322400001,Centro,36.78224304638414,1118,500,470,470.0,30.39510120658355,2.3787234042553194,168.0,15.026833631484795,284.0,25.402504472271914,105.0,22.340425531914892
432240005000007,Urbana,1,0,432240005,Uruguaiana,4322400001,Centro,17.859317488255208,962,475,413,413.0,53.86544030210776,2.3292978208232444,157.0,16.32016632016632,196.0,20.374220374220375,118.0,28.571428571428573
432240005000008,Urbana,1,0,432240005,Uruguaiana,4322400001,Centro,19.14097375033002,753,339,295,295.0,39.339691377353105,2.545762711864407,110.0,14.608233731739707,184.0,24.43559096945551,68.0,23.050847457627118
432240005000009,Urbana,1,0,432240005,Uruguaiana,4322400001,Centro,9.526189652773374,643,340,299,299.0,67.4981313029814,2.150501672240803,70.0,10.88646967340591,154.0,23.950233281493002,106.0,35.45150501672241
432240005000010,Urbana,1,0,432240005,Uruguaiana,4322400001,Centro,12.52579028503064,667,360,320,320.0,53.250133111131554,2.065625,70.0,10.494752623688155,153.0,22.938530734632682,137.0,42.8125
432240005000011,Urbana,1,0,432240005,Uruguaiana,4322400001,Centro,14.90392778936608,532,296,243,243.0,35.69528835073804,2.1893004115226335,57.0,10.714285714285714,146.0,27.44360902255639,90.0,37.03703703703704
432240005000013,Urbana,1,0,432240005,Uruguaiana,4322400002,Mascarenhas de Moraes,55.402880340403655,1006,354,333,333.0,18.157900705143565,3.021021021021021,216.0,21.47117296222664,166.0,16.50099403578529,61.0,18.31831831831832
432240005000014,Urbana,1,0,432240005,Uruguaiana,4322400003,Santo Antônio,8.602969787046709,517,190,165,165.0,60.09552663760773,3.1333333333333333,135.0,26.11218568665377,68.0,13.152804642166345,21.0,12.727272727272727
432240005000015,Urbana,1,0,432240005,Uruguaiana,4322400003,Santo Antônio,7.54077875508437,626,247,226,226.0,83.0152985960395,2.769911504424779,118.0,18.849840255591054,116.0,18.53035143769968,47.0,20.79646017699115
432240005000017,Urbana,1,0,432240005,Uruguaiana,4322400003,Santo Antônio,7.496741405493881,440,184,167,167.0,58.69216719647715,2.6347305389221556,81.0,18.40909090909091,108.0,24.545454545454547,36.0,21.55688622754491
432240005000018,Urbana,1,0,432240005,Uruguaiana,4322400003,Santo Antônio,9.968241570384501,588,269,235,235.0,58.987334511127756,2.502127659574468,95.0,16.156462585034014,119.0,20.238095238095237,54.0,22.97872340425532
432240005000019,Urbana,1,0,432240005,Uruguaiana,4322400004,Santana,12.107881899318263,813,297,274,274.0,67.14634374206905,2.9671532846715327,144.0,17.71217712177122,172.0,21.156211562115622,56.0,20.437956204379564
432240005000020,Urbana,1,0,432240005,Uruguaiana,4322400004,Santana,12.304405744043207,941,359,342,342.0,76.47667181778004,2.7514619883040936,178.0,18.91604675876727,167.0,17.747077577045697,48.0,14.035087719298245
432240005000021,Urbana,1,0,432240005,Uruguaiana,4322400004,Santana,12.305900907226897,713,318,269,269.0,57.93968319550468,2.650557620817844,135.0,18.93408134642356,135.0,18.93408134642356,58.0,21.561338289962826
432240005000022,Urbana,1,0,432240005,Uruguaiana,4322400004,Santana,14.9111998805543,983,432,389,389.0,65.9236015796375,2.526992287917738,172.0,17.497456765005087,183.0,18.61648016276704,92.0,23.65038560411311
432240005000023,Urbana,1,0,432240005,Uruguaiana,4322400004,Santana,30.939567166986624,1120,427,409,409.0,36.199601434472264,2.73838630806846,170.0,15.178571428571429,239.0,21.339285714285715,70.0,17.114914425427873
432240005000024,Urbana,1,0,432240005,Uruguaiana,4322400005,São João,18.395922789482203,764,326,273,273.0,41.53094186918495,2.7985347985347984,150.0,19.63350785340314,159.0,20.81151832460733,56.0,20.512820512820515
432240005000025,Urbana,1,0,432240005,Uruguaiana,4322400005,São João,12.4280072596935,784,305,284,284.0,63.08332330498937,2.76056338028169,157.0,20.025510204081634,140.0,17.857142857142858,51.0,17.95774647887324
432240005000026,Urbana,1,0,432240005,Uruguaiana,4322400005,São João,17.342110908211932,1100,412,380,380.0,63.42941789624479,2.8947368421052633,224.0,20.363636363636363,184.0,16.727272727272727,63.0,16.57894736842105
432240005000027,Urbana,1,0,432240005,Uruguaiana,4322400005,São João,16.667253721771054,909,343,323,323.0,54.538078988540775,2.8142414860681115,171.0,18.81188118811881,222.0,24.422442244224424,65.0,20.123839009287927
432240005000028,Urbana,1,0,432240005,Uruguaiana,4322400005,São João,11.954519620335507,855,344,324,324.0,71.52106710717031,2.638888888888889,152.0,17.77777777777778,193.0,22.573099415204677,65.0,20.061728395061728
432240005000029,Urbana,1,0,432240005,Uruguaiana,4322400005,São João,21.22654313431442,1163,444,431,431.0,54.78989172381615,2.6983758700696057,222.0,19.088564058469476,214.0,18.40068787618229,105.0,24.361948955916475
432240005000030,Urbana,1,0,432240005,Uruguaiana,4322400005,São João,21.124446468476894,778,300,276,276.0,36.82936739483215,2.818840579710145,165.0,21.20822622107969,156.0,20.051413881748072,67.0,24.27536231884058
432240005000031,Urbana,1,0,432240005,Uruguaiana,4322400005,São João,7.015384616238824,689,283,261,261.0,98.21271928628703,2.6398467432950192,117.0,16.9811320754717,154.0,22.35123367198839,53.0,20.306513409961685
432240005000032,Urbana,1,0,432240005,Uruguaiana,4322400005,São João,9.813383978684081,826,303,285,285.0,84.17076125770448,2.898245614035088,199.0,24.092009685230025,128.0,15.49636803874092,53.0,18.596491228070175
432240005000033,Urbana,1,0,432240005,Uruguaiana,4322400005,São João,12.009970862031443,1217,542,477,477.0,101.33246899436264,2.551362683438155,233.0,19.14543960558751,209.0,17.173377156943303,99.0,20.754716981132077
432240005000036,Urbana,1,0,432240005,Uruguaiana,4322400007,Cidade Nova,17.734529994603946,644,259,238,238.0,36.31333901693187,2.7058823529411766,117.0,18.167701863354036,111.0,17.236024844720497,52.0,21.84873949579832
432240005000037,Urbana,1,0,432240005,Uruguaiana,4322400007,Cidade Nova,14.419639130766685,863,334,310,310.0,59.84893187504581,2.7838709677419353,164.0,19.003476245654692,171.0,19.81460023174971,58.0,18.70967741935484
432240005000038,Urbana,1,0,432240005,Uruguaiana,4322400007,Cidade Nova,12.25995510244759,976,370,353,353.0,79.60877440775867,2.764872521246459,210.0,21.516393442622952,153.0,15.676229508196721,64.0,18.13031161473088
432240005000040,Urbana,1,0,432240005,Uruguaiana,4322400008,Santo Inácio,31.046960369509442,1431,537,504,504.0,46.09146863231592,2.8392857142857144,292.0,20.405310971348708,216.0,15.09433962264151,86.0,17.063492063492063
432240005000041,Urbana,1,0,432240005,Uruguaiana,4322400008,Santo Inácio,79.32053668709557,1522,517,503,503.0,19.187969012413525,2.9502982107355864,329.0,21.61629434954008,214.0,14.060446780551905,85.0,16.898608349900595
432240005000042,Urbana,1,0,432240005,Uruguaiana,4322400009,Distrito Rodoviário,206.72540150189772,1053,358,334,326.0,5.093713652747863,3.1779141104294477,321.0,30.484330484330485,104.0,9.876543209876543,54.0,16.56441717791411
432240005000043,Urbana,1,0,432240005,Uruguaiana,4322400010,Aeroporto,435.9967108297777,425,171,145,145.0,0.9747779958962326,2.9310344827586206,100.0,23.529411764705884,56.0,13.176470588235293,20.0,13.793103448275861
432240005000044,Urbana,1,0,432240005,Uruguaiana,4322400011,Jardim do Salso,99.77539483874197,632,231,215,215.0,6.334227000769528,2.9395348837209303,156.0,24.68354430379747,64.0,10.126582278481013,35.0,16.27906976744186
432240005000047,Urbana,1,0,432240005,Uruguaiana,4322400012,União das Vilas,8.791451217668618,738,248,232,232.0,83.94518512675184,3.1810344827586206,172.0,23.306233062330623,77.0,10.433604336043361,34.0,14.655172413793103
432240005000048,Urbana,1,0,432240005,Uruguaiana,4322400012,União das Vilas,10.988579050396206,949,316,299,299.0,86.3623945960313,3.1739130434782608,254.0,26.7650158061117,98.0,10.326659641728135,45.0,15.050167224080267
432240005000049,Urbana,1,0,432240005,Uruguaiana,4322400012,União das Vilas,8.853199512647874,667,237,219,219.0,75.33999420741723,3.045662100456621,155.0,23.238380809595203,88.0,13.193403298350825,36.0,16.438356164383563
432240005000050,Urbana,1,0,432240005,Uruguaiana,4322400012,União das Vilas,9.151850005953401,1090,365,343,343.0,119.10160233077907,3.1778425655976674,273.0,25.045871559633028,177.0,16.238532110091743,46.0,13.411078717201166
432240005000051,Urbana,1,0,432240005,Uruguaiana,4322400012,União das Vilas,7.0234916905753515,864,288,271,271.0,123.01573605609588,3.188191881918819,213.0,24.65277777777778,132.0,15.277777777777779,39.0,14.391143911439114
432240005000052,Urbana,1,0,432240005,Uruguaiana,4322400012,União das Vilas,7.66149506601802,918,289,277,277.0,119.81995577752433,3.3140794223826715,219.0,23.856209150326798,140.0,15.250544662309368,30.0,10.830324909747292
432240005000054,Urbana,1,0,432240005,Uruguaiana,4322400014,Vila Júlia,12.590216618254885,1087,397,369,369.0,86.33687830469336,2.94579945799458,228.0,20.97516099356026,169.0,15.547378104875804,63.0,17.073170731707318
432240005000056,Urbana,1,0,432240005,Uruguaiana,4322400014,Vila Júlia,13.288139719557858,962,374,346,346.0,72.39538568247453,2.777456647398844,181.0,18.814968814968815,189.0,19.646569646569645,64.0,18.497109826589597
432240005000057,Urbana,1,0,432240005,Uruguaiana,4322400014,Vila Júlia,13.066351131463463,956,372,347,344.0,73.16503210280142,2.76453488372093,187.0,19.560669456066947,202.0,21.12970711297071,72.0,20.930232558139537
432240005000058,Urbana,1,0,432240005,Uruguaiana,4322400015,Ipiranga,14.055825417156386,1186,456,439,439.0,84.37782661645622,2.701594533029613,217.0,18.29679595278246,262.0,22.09106239460371,77.0,17.53986332574032
432240005000059,Urbana,1,0,432240005,Uruguaiana,4322400015,Ipiranga,5.517319315629955,662,243,227,227.0,119.98580508556525,2.9162995594713657,152.0,22.9607250755287,102.0,15.407854984894259,36.0,15.859030837004406
432240005000060,Urbana,1,0,432240005,Uruguaiana,4322400015,Ipiranga,8.744971068782341,766,284,260,260.0,87.59320002034708,2.9461538461538463,145.0,18.929503916449086,146.0,19.06005221932115,42.0,16.153846153846153
432240005000061,Urbana,1,0,432240005,Uruguaiana,4322400015,Ipiranga,9.75205541766903,710,267,246,246.0,72.80516461315462,2.886178861788618,131.0,18.450704225352112,148.0,20.845070422535212,36.0,14.634146341463415
432240005000062,Urbana,1,0,432240005,Uruguaiana,4322400015,Ipiranga,12.348320907459913,969,368,349,349.0,78.47220745733974,2.767908309455587,195.0,20.123839009287927,160.0,16.51186790505676,52.0,14.899713467048711
432240005000063,Urbana,1,0,432240005,Uruguaiana,4322400015,Ipiranga,11.360142228723523,932,370,353,353.0,82.04122635397002,2.640226628895184,172.0,18.454935622317596,142.0,15.236051502145923,80.0,22.662889518413596
432240005000064,Urbana,1,0,432240005,Uruguaiana,4322400015,Ipiranga,10.58398871333465,857,328,316,315.0,80.97136374685238,2.7111111111111112,154.0,17.96966161026838,168.0,19.603267211201867,59.0,18.73015873015873
432240005000065,Urbana,1,0,432240005,Uruguaiana,4322400015,Ipiranga,50.14458425752466,845,335,310,308.0,16.85127142864286,2.7337662337662336,173.0,20.473372781065088,153.0,18.106508875739646,52.0,16.883116883116884
432240005000066,Urbana,1,0,432240005,Uruguaiana,4322400016,Rui Ramos,15.513243248090218,644,235,220,220.0,41.512918330554804,2.9272727272727272,127.0,19.720496894409937,98.0,15.217391304347826,36.0,16.363636363636363
432240005000067,Urbana,1,0,432240005,Uruguaiana,4322400016,Rui Ramos,12.740138286758398,617,250,221,221.0,48.429615606393035,2.7918552036199094,102.0,16.53160453808752,127.0,20.583468395461914,34.0,15.384615384615385
432240005000070,Urbana,1,0,432240005,Uruguaiana,4322400017,Cidade Alegria,54.54085328315052,925,343,317,317.0,16.959763999250875,2.917981072555205,189.0,20.43243243243243,157.0,16.972972972972972,55.0,17.350157728706623
432240005000071,Urbana,1,0,432240005,Uruguaiana,4322400017,Cidade Alegria,11.426047913651939,855,315,295,295.0,74.82902281360458,2.8983050847457625,184.0,21.52046783625731,153.0,17.894736842105264,48.0,16.271186440677965
432240005000072,Urbana,1,0,432240005,Uruguaiana,4322400018,Emílio Brandi,14.545294946862375,483,184,175,175.0,33.20661435636201,2.76,91.0,18.840579710144926,86.0,17.805383022774325,37.0,21.142857142857142
432240005000073,Urbana,1,0,432240005,Uruguaiana,4322400018,Emílio Brandi,9.478336738001085,685,261,235,235.0,72.27006371842215,2.9148936170212765,129.0,18.83211678832117,130.0,18.978102189781023,37.0,15.74468085106383
432240005000074,Urbana,1,0,432240005,Uruguaiana,4322400019,São Miguel,10.879764923458247,683,312,267,267.0,62.777091674780536,2.5580524344569286,107.0,15.666178623718887,154.0,22.547584187408493,70.0,26.217228464419474
432240005000075,Urbana,1,0,432240005,Uruguaiana,4322400019,São Miguel,11.953667014929438,752,333,289,289.0,62.90956566389172,2.58477508650519,121.0,16.090425531914892,172.0,22.872340425531913,59.0,20.41522491349481
432240005000076,Urbana,1,0,432240005,Uruguaiana,4322400019,São Miguel,11.982430739200604,717,308,287,287.0,59.83760854584618,2.4982578397212545,108.0,15.06276150627615,177.0,24.686192468619247,71.0,24.738675958188153
432240005000077,Urbana,1,0,432240005,Uruguaiana,4322400019,São Miguel,14.457636086270346,701,343,292,292.0,48.48648809646708,2.345890410958904,93.0,13.266761768901569,195.0,27.81740370898716,84.0,28.767123287671232
432240005000078,Urbana,1,0,432240005,Uruguaiana,4322400019,São Miguel,9.620565577037095,732,323,290,290.0,76.08700280024894,2.524137931034483,112.0,15.300546448087431,133.0,18.169398907103826,63.0,21.724137931034484
432240005000079,Urbana,1,0,432240005,Uruguaiana,4322400019,São Miguel,9.54645096937186,686,342,302,302.0,71.85916548473486,2.271523178807947,89.0,12.973760932944606,188.0,27.40524781341108,87.0,28.807947019867548
432240005000080,Urbana,1,0,432240005,Uruguaiana,4322400019,São Miguel,9.654098757963641,555,275,236,236.0,57.48853558621222,2.3516949152542375,71.0,12.792792792792794,152.0,27.38738738738739,73.0,30.93220338983051
432240005000081,Urbana,1,0,432240005,Uruguaiana,4322400019,São Miguel,9.745166344007444,758,300,287,286.0,77.78215099079493,2.625874125874126,109.0,14.379947229551451,172.0,22.691292875989447,59.0,20.62937062937063
432240005000082,Urbana,1,0,432240005,Uruguaiana,4322400019,São Miguel,14.224615506914992,700,306,277,277.0,49.210468969070554,2.527075812274368,93.0,13.285714285714286,156.0,22.285714285714285,66.0,23.826714801444044
432240005000083,Urbana,1,0,432240005,Uruguaiana,4322400019,São Miguel,16.78891817042551,760,321,294,294.0,45.2679554623583,2.5850340136054424,131.0,17.236842105263158,170.0,22.36842105263158,57.0,19.387755102040817
432240005000084,Urbana,1,0,432240005,Uruguaiana,4322400019,São Miguel,9.718610492104828,613,306,271,271.0,63.07486039264428,2.243542435424354,85.0,13.866231647634583,132.0,21.533442088091356,75.0,27.675276752767527
432240005000085,Urbana,1,0,432240005,Uruguaiana,4322400020,Nova Esperança,11.877783755830693,865,324,304,304.0,72.82503350638788,2.8453947368421053,155.0,17.91907514450867,164.0,18.959537572254334,59.0,19.407894736842106
432240005000086,Urbana,1,0,432240005,Uruguaiana,4322400020,Nova Esperança,14.135307369436292,888,342,315,315.0,62.82141426369372,2.8190476190476192,195.0,21.95945945945946,152.0,17.117117117117118,66.0,20.952380952380953
432240005000087,Urbana,1,0,432240005,Uruguaiana,4322400020,Nova Esperança,11.71642352878331,914,349,330,330.0,78.01015367484878,2.7696969696969695,177.0,19.36542669584245,170.0,18.599562363238512,65.0,19.696969696969695
432240005000088,Urbana,1,0,432240005,Uruguaiana,4322400020,Nova Esperança,9.614533583280664,686,268,240,240.0,71.35031502650631,2.8583333333333334,147.0,21.428571428571427,143.0,20.845481049562682,42.0,17.5
432240005000089,Urbana,1,0,432240005,Uruguaiana,4322400020,Nova Esperança,9.497964702713633,752,285,266,266.0,79.17485730233852,2.808270676691729,130.0,17.28723404255319,161.0,21.409574468085108,64.0,24.06015037593985
432240005000090,Urbana,1,0,432240005,Uruguaiana,4322400020,Nova Esperança,12.010542625326881,616,243,228,228.0,51.288273912040246,2.7017543859649122,98.0,15.909090909090908,160.0,25.974025974025974,44.0,19.29824561403509
432240005000091,Urbana,1,0,432240005,Uruguaiana,4322400020,Nova Esperança,11.887141348169436,851,341,326,326.0,71.58996221838062,2.6104294478527605,135.0,15.863689776733255,168.0,19.74148061104583,75.0,23.006134969325153
432240005000092,Urbana,1,0,432240005,Uruguaiana,4322400020,Nova Esperança,11.901848451560497,810,322,303,303.0,68.0566555099933,2.6732673267326734,138.0,17.037037037037038,180.0,22.22222222222222,68.0,22.442244224422442
432240005000093,Urbana,1,0,432240005,Uruguaiana,4322400020,Nova Esperança,9.65857368377943,681,273,251,251.0,70.50730493920325,2.7131474103585655,106.0,15.565345080763583,141.0,20.704845814977972,47.0,18.725099601593627
432240005000094,Urbana,1,0,432240005,Uruguaiana,4322400021,Alexandre Zachia,28.793549832259828,1340,505,473,473.0,46.538200666688404,2.8329809725158563,273.0,20.37313432835821,202.0,15.074626865671641,74.0,15.644820295983086
432240005000095,Urbana,1,0,432240005,Uruguaiana,4322400021,Alexandre Zachia,14.603656773804381,917,362,336,336.0,62.792491921947125,2.7291666666666665,135.0,14.721919302071974,221.0,24.10032715376227,62.0,18.452380952380953
432240005000096,Urbana,1,0,432240005,Uruguaiana,4322400022,Rio Branco,11.876544963443168,734,277,260,260.0,61.80248567738371,2.8230769230769233,150.0,20.435967302452315,119.0,16.212534059945504,46.0,17.692307692307693
432240005000097,Urbana,1,0,432240005,Uruguaiana,4322400022,Rio Branco,11.383754613265753,724,312,276,275.0,63.59940323698704,2.629090909090909,116.0,16.022099447513813,132.0,18.23204419889503,65.0,23.636363636363637
432240005000098,Urbana,1,0,432240005,Uruguaiana,4322400022,Rio Branco,136.27879998035027,799,289,261,260.0,5.862980890022556,3.0615384615384613,184.0,23.028785982478098,133.0,16.64580725907384,42.0,16.153846153846153
432240005000100,Urbana,1,0,432240005,Uruguaiana,4322400023,Tabajara Brites,8.73331202807542,774,248,231,231.0,88.62617040497156,3.3506493506493507,189.0,24.41860465116279,83.0,10.723514211886306,24.0,10.38961038961039
432240005000103,Urbana,1,0,432240005,Uruguaiana,4322400024,Cabo Luiz Quevedo,33.890688003320115,1224,409,393,393.0,36.11611543206471,3.114503816793893,293.0,23.937908496732025,137.0,11.19281045751634,54.0,13.740458015267176
432240005000105,Urbana,1,0,432240005,Uruguaiana,4322400024,Cabo Luiz Quevedo,17.033494608615136,1018,378,351,351.0,59.76460047635321,2.9002849002849005,211.0,20.726915520628683,147.0,14.44007858546169,51.0,14.52991452991453
432240005000106,Urbana,1,0,432240005,Uruguaiana,4322400024,Cabo Luiz Quevedo,16.514876172765465,1175,431,402,402.0,71.14797517753611,2.9228855721393034,229.0,19.48936170212766,200.0,17.02127659574468,59.0,14.676616915422885
432240005000107,Urbana,1,0,432240005,Uruguaiana,4322400024,Cabo Luiz Quevedo,14.44171622654027,933,323,305,305.0,64.60450997405549,3.059016393442623,207.0,22.186495176848876,146.0,15.64844587352626,46.0,15.081967213114755
432240005000108,Urbana,1,0,432240005,Uruguaiana,4322400024,Cabo Luiz Quevedo,16.651418580381172,1208,407,377,377.0,72.5463716000314,3.2042440318302385,294.0,24.337748344370862,137.0,11.341059602649006,42.0,11.140583554376658
432240005000112,Urbana,1,0,432240005,Uruguaiana,4322400026,Bela Vista,45.85643981203021,935,370,328,328.0,20.389720698611832,2.7865853658536586,172.0,18.39572192513369,209.0,22.352941176470587,61.0,18.597560975609756
432240005000113,Urbana,1,0,432240005,Uruguaiana,4322400026,Bela Vista,74.2098264544154,816,351,305,305.0,10.995848380015298,2.675409836065574,145.0,17.769607843137255,182.0,22.30392156862745,69.0,22.62295081967213
432240005000114,Urbana,1,0,432240005,Uruguaiana,4322400026,Bela Vista,11.74595879338309,775,362,322,322.0,65.98013952139732,2.406832298136646,118.0,15.225806451612904,184.0,23.741935483870968,70.0,21.73913043478261
432240005000115,Urbana,1,0,432240005,Uruguaiana,4322400026,Bela Vista,9.839440010556746,668,288,272,272.0,67.89004244990589,2.3676470588235294,99.0,14.820359281437126,182.0,27.24550898203593,68.0,25.0
432240005000116,Urbana,1,0,432240005,Uruguaiana,4322400026,Bela Vista,11.668511395252077,482,225,202,202.0,41.30775414901048,2.292079207920792,56.0,11.618257261410788,138.0,28.630705394190873,60.0,29.702970297029704
432240005000117,Urbana,1,6,432240005,Uruguaiana,4322400019,São Miguel,0.13850691432508383,82,0,0,,592.0282059532509,,,,,,,
432240005000118,Urbana,1,7,432240005,Uruguaiana,4322400026,Bela Vista,0.3298567707267093,34,0,0,,103.07504049437702,,,,,,,
432240005000120,Rural,8,0,432240005,Uruguaiana,,,25742.131868967535,537,324,210,210.0,0.02086074310913465,2.557142857142857,95.0,17.690875232774673,107.0,19.925512104283055,58.0,27.61904761904762
432240005000121,Rural,8,0,432240005,Uruguaiana,,,22574.439367832838,385,242,150,150.0,0.01705468710547917,2.566666666666667,66.0,17.142857142857142,70.0,18.181818181818183,34.0,22.666666666666668
432240005000122,Rural,8,0,432240005,Uruguaiana,,,24443.693808566128,216,158,89,89.0,0.008836634990260933,2.3146067415730336,45.0,20.833333333333332,26.0,12.037037037037036,29.0,32.58426966292135
432240005000123,Rural,8,0,432240005,Uruguaiana,,,43791.01915840045,355,192,139,138.0,0.008106685042334763,2.3768115942028984,76.0,21.408450704225352,37.0,10.422535211267606,50.0,36.231884057971016
432240005000124,Rural,8,0,432240005,Uruguaiana,,,32992.83127592202,590,310,220,220.0,0.017882672604414483,2.6045454545454545,131.0,22.203389830508474,95.0,16.10169491525424,51.0,23.181818181818183
432240005000125,Rural,8,0,432240005,Uruguaiana,,,36377.61576601548,388,241,144,144.0,0.010665899670161327,2.6805555555555554,98.0,25.257731958762886,46.0,11.855670103092784,29.0,20.13888888888889
432240005000126,Rural,8,6,432240005,Uruguaiana,,,17.42803448542835,310,0,0,,17.787433244936043,,,,,,,
432240005000128,Urbana,1,0,432240005,Uruguaiana,4322400023,Tabajara Brites,3.940139599383291,392,132,122,122.0,99.48886076558193,3.2131147540983607,87.0,22.193877551020407,63.0,16.071428571428573,12.0,9.836065573770492
432240005000129,Urbana,1,1,432240005,Uruguaiana,4322400023,Tabajara Brites,13.061466546712348,1009,307,291,291.0,77.25013086328897,3.4673539518900345,334.0,33.10208126858276,103.0,10.20812685827552,45.0,15.463917525773196
432240005000130,Urbana,1,0,432240005,Uruguaiana,4322400023,Tabajara Brites,14.844998146849905,601,228,207,207.0,40.48501684235856,2.9033816425120773,128.0,21.29783693843594,108.0,17.970049916805323,39.0,18.840579710144926
432240005000131,Urbana,1,0,432240005,Uruguaiana,4322400023,Tabajara Brites,100.48236051804271,1477,460,436,436.0,14.699097357837134,3.3876146788990824,518.0,35.07109004739336,94.0,6.3642518618821935,49.0,11.238532110091743
432240005000132,Urbana,1,0,432240005,Uruguaiana,4322400023,Tabajara Brites,7.850105717176378,832,261,254,253.0,105.98583381871498,3.280632411067194,242.0,29.08653846153846,69.0,8.29326923076923,35.0,13.83399209486166
432240005000133,Urbana,1,0,432240005,Uruguaiana,4322400023,Tabajara Brites,28.73686809817419,1112,348,339,339.0,38.695935694907945,3.28023598820059,299.0,26.888489208633093,110.0,9.892086330935252,47.0,13.864306784660767
432240005000134,Urbana,1,0,432240005,Uruguaiana,4322400023,Tabajara Brites,357.49233586841666,971,312,303,303.0,2.7161421450931442,3.2046204620462047,289.0,29.76313079299691,68.0,7.003089598352214,38.0,12.541254125412541
432240005000135,Urbana,1,1,432240005,Uruguaiana,4322400013,Salso de Baixo,3.193435214406622,342,116,107,107.0,107.09470430373132,3.196261682242991,119.0,34.7953216374269,26.0,7.60233918128655,16.0,14.953271028037383
432240005000136,Urbana,2,0,432240005,Uruguaiana,4322400013,Salso de Baixo,276.7226499599975,377,133,120,120.0,1.3623749268608782,3.1416666666666666,91.0,24.137931034482758,46.0,12.20159151193634,16.0,13.333333333333334
432240005000137,Urbana,1,1,432240005,Uruguaiana,4322400026,Bela Vista,1.990391651576517,165,51,46,46.0,82.89825767170471,3.5869565217391304,48.0,29.09090909090909,17.0,10.303030303030303,3.0,6.521739130434782
432240005000138,Urbana,1,0,432240005,Uruguaiana,4322400026,Bela Vista,74.49227893405181,629,243,218,218.0,8.443828125554532,2.885321100917431,104.0,16.534181240063592,161.0,25.596184419713833,36.0,16.513761467889907
432240005000139,Urbana,1,1,432240005,Uruguaiana,4322400025,Francisca Tarragô,8.206274406725097,569,210,189,189.0,69.3371890578873,3.0105820105820107,120.0,21.0896309314587,85.0,14.938488576449911,34.0,17.98941798941799
432240005000142,Urbana,1,0,432240005,Uruguaiana,4322400012,União das Vilas,87.32428614244252,1134,402,361,361.0,12.986078101460004,3.141274238227147,283.0,24.955908289241624,114.0,10.052910052910052,52.0,14.404432132963988
432240005000143,Urbana,1,1,432240005,Uruguaiana,4322400012,União das Vilas,34.54363342551372,1092,374,348,348.0,31.61219280405678,3.1379310344827585,337.0,30.86080586080586,108.0,9.89010989010989,61.0,17.528735632183906
432240005000145,Urbana,1,0,432240005,Uruguaiana,4322400007,Cidade Nova,10.780857647690173,608,206,196,196.0,56.396255276616664,3.1020408163265305,140.0,23.026315789473685,64.0,10.526315789473685,22.0,11.224489795918368
432240005000147,Urbana,1,0,432240005,Uruguaiana,4322400014,Vila Júlia,98.41545015632776,855,284,262,262.0,8.68766030782644,3.0381679389312977,180.0,21.05263157894737,111.0,12.982456140350877,34.0,12.977099236641221
432240005000148,Urbana,1,0,432240005,Uruguaiana,4322400014,Vila Júlia,32.5603691607935,1466,507,481,481.0,45.024059547986816,3.047817047817048,354.0,24.147339699863576,178.0,12.141882673942701,61.0,12.681912681912682
432240005000149,Rural,8,0,432240005,Uruguaiana,,,10305.935695757074,472,293,193,193.0,0.04579884970506085,2.4455958549222796,80.0,16.949152542372882,116.0,24.576271186440678,53.0,27.46113989637306
432240005000151,Urbana,1,1,432240005,Uruguaiana,4322400023,Tabajara Brites,2.9729553541680613,196,64,62,62.0,65.92766343605176,3.161290322580645,61.0,31.122448979591837,9.0,4.591836734693878,11.0,17.741935483870968
432240005000152,Urbana,1,0,432240005,Uruguaiana,4322400024,Cabo Luiz Quevedo,288.4865913419762,1156,442,396,396.0,4.0071186484700805,2.919191919191919,256.0,22.14532871972318,148.0,12.802768166089965,64.0,16.161616161616163
432240005000153,Urbana,1,1,432240005,Uruguaiana,4322400024,Cabo Luiz Quevedo,1.1231024846056683,116,52,44,44.0,103.28532043157992,2.6363636363636362,17.0,14.655172413793103,20.0,17.24137931034483,9.0,20.454545454545453
432240005000154,Urbana,1,0,432240005,Uruguaiana,4322400024,Cabo Luiz Quevedo,22.655883371774202,906,315,300,300.0,39.98961263760471,3.02,249.0,27.483443708609272,114.0,12.582781456953642,59.0,19.666666666666668
432240005000155,Urbana,1,1,432240005,Uruguaiana,4322400024,Cabo Luiz Quevedo,1.54352257720704,204,69,66,66.0,132.1652193576152,3.090909090909091,50.0,24.50980392156863,10.0,4.901960784313726,7.0,10.606060606060606
432240005000156,Urbana,1,0,432240005,Uruguaiana,4322400023,Tabajara Brites,120.70616661009704,777,274,267,267.0,6.437119343785077,2.9101123595505616,167.0,21.492921492921493,119.0,15.315315315315315,36.0,13.48314606741573
432240005000157,Urbana,1,1,432240005,Uruguaiana,4322400023,Tabajara Brites,1.5073572018811636,179,49,48,48.0,118.75088384930271,3.7291666666666665,56.0,31.28491620111732,12.0,6.70391061452514,5.0,10.416666666666666
432240005000158,Urbana,1,0,432240005,Uruguaiana,4322400023,Tabajara Brites,3.675131079093245,418,141,131,131.0,113.73743983660358,3.1908396946564888,98.0,23.444976076555022,48.0,11.483253588516746,15.0,11.450381679389313
432240005000159,Urbana,1,0,432240005,Uruguaiana,4322400006,Jóquei Clube,264.65517090211426,752,273,255,255.0,2.8414332409856287,2.9490196078431374,158.0,21.01063829787234,159.0,21.143617021276597,38.0,14.901960784313726
432240005000160,Urbana,1,1,432240005,Uruguaiana,4322400006,Jóquei Clube,2.7974469104384685,164,59,55,55.0,58.62488377815,2.981818181818182,46.0,28.048780487804876,17.0,10.365853658536585,9.0,16.363636363636363
432240005000161,Urbana,1,0,432240005,Uruguaiana,4322400006,Jóquei Clube,267.25909648887955,869,335,289,289.0,3.251526370538929,3.0069204152249136,204.0,23.475258918296895,99.0,11.39240506329114,40.0,13.84083044982699
432240005000162,Urbana,1,1,432240005,Uruguaiana,4322400006,Jóquei Clube,14.10530677985363,292,96,82,82.0,20.701428516043244,3.5609756097560976,109.0,37.32876712328767,26.0,8.904109589041095,9.0,10.975609756097562
432240005000163,Urbana,1,0,432240005,Uruguaiana,4322400012,União das Vilas,16.9973748009538,185,56,52,52.0,10.884033691462685,3.5576923076923075,54.0,29.18918918918919,18.0,9.72972972972973,3.0,5.769230769230769
432240005000164,Urbana,1,1,432240005,Uruguaiana,4322400012,União das Vilas,4.963774855403335,445,139,131,131.0,89.64951331658277,3.3969465648854964,124.0,27.865168539325843,39.0,8.764044943820224,23.0,17.557251908396946
432240005000165,Urbana,1,0,432240005,Uruguaiana,4322400012,União das Vilas,67.62210244367814,539,185,175,175.0,7.97076666536549,3.08,151.0,28.014842300556587,39.0,7.2356215213358075,24.0,13.714285714285714
432240005000166,Urbana,1,1,432240005,Uruguaiana,4322400012,União das Vilas,9.777656815027516,731,226,215,215.0,74.76228853486742,3.4,244.0,33.378932968536255,47.0,6.429548563611491,27.0,12.55813953488372
432240005000167,Urbana,1,0,432240005,Uruguaiana,4322400025,Francisca Tarragô,225.12564040624105,711,242,219,211.0,3.1582364350724097,3.2322274881516586,165.0,23.206751054852322,91.0,12.79887482419128,18.0,8.530805687203792
432240005000168,Urbana,1,1,432240005,Uruguaiana,4322400025,Francisca Tarragô,15.6982035066359,290,92,88,81.0,18.473451428847383,3.419753086419753,81.0,27.93103448275862,27.0,9.310344827586206,14.0,17.28395061728395
432240005000169,Urbana,1,1,432240005,Uruguaiana,4322400007,Cidade Nova,13.210744476204296,952,311,290,290.0,72.06255496916009,3.282758620689655,288.0,30.252100840336134,72.0,7.563025210084033,35.0,12.068965517241379
432240005000170,Urbana,1,0,432240005,Uruguaiana,4322400007,Cidade Nova,6.631125546909622,434,151,140,140.0,65.44891918118816,3.1,98.0,22.580645161290324,52.0,11.981566820276498,18.0,12.857142857142858
432240005000171,Urbana,1,0,432240005,Uruguaiana,4322400017,Cidade Alegria,6.206684775688891,523,196,183,183.0,84.2639861538564,2.8579234972677594,120.0,22.94455066921606,83.0,15.869980879541108,22.0,12.021857923497267
432240005000172,Urbana,1,1,432240005,Uruguaiana,4322400017,Cidade Alegria,2.5460110385216095,257,86,84,84.0,100.94221749691707,3.0595238095238093,72.0,28.01556420233463,34.0,13.229571984435797,14.0,16.666666666666668
432240005000173,Urbana,1,0,432240005,Uruguaiana,4322400017,Cidade Alegria,9.918103238876443,818,279,265,265.0,82.47544719978796,3.086792452830189,184.0,22.493887530562347,103.0,12.591687041564793,24.0,9.056603773584905
432240005000174,Urbana,1,1,432240005,Uruguaiana,4322400017,Cidade Alegria,1.7500790267056072,232,75,72,72.0,132.56544216561616,3.2222222222222223,57.0,24.56896551724138,13.0,5.603448275862069,12.0,16.666666666666668
432240005000175,Urbana,1,0,432240005,Uruguaiana,4322400002,Mascarenhas de Moraes,38.356192094464,783,307,274,274.0,20.413913823134997,2.8576642335766422,153.0,19.54022988505747,133.0,16.985951468710088,43.0,15.693430656934307
432240005000176,Urbana,1,1,432240005,Uruguaiana,4322400002,Mascarenhas de Moraes,3.8752884056644623,116,42,35,35.0,29.933256020492358,3.3142857142857145,33.0,28.448275862068964,14.0,12.068965517241379,6.0,17.142857142857142
432240005000177,Urbana,1,0,432240005,Uruguaiana,4322400003,Santo Antônio,11.857531274128691,490,195,176,176.0,41.32394751250664,2.784090909090909,110.0,22.448979591836736,70.0,14.285714285714286,40.0,22.727272727272727
432240005000178,Urbana,1,1,432240005,Uruguaiana,4322400003,Santo Antônio,6.37304604039552,225,73,63,63.0,35.30493873319581,3.5714285714285716,88.0,39.111111111111114,,,6.0,9.523809523809524
432240005000179,Rural,8,0,432240005,Uruguaiana,,,2199.0075693838035,35,16,13,13.0,0.015916270815660518,2.6923076923076925,,,,,,
432240005000180,Urbana,2,0,432240005,Uruguaiana,,,938.5908660881789,229,140,89,89.0,0.24398277063404308,2.5730337078651684,49.0,21.397379912663755,31.0,13.537117903930131,20.0,22.471910112359552
432240020000001,Urbana,1,0,432240020,João Arregui,,,12.029230317168684,158,89,63,63.0,13.13467244654007,2.507936507936508,26.0,16.455696202531644,45.0,28.481012658227847,16.0,25.396825396825395
432240020000002,Rural,8,0,432240020,João Arregui,,,22338.677098310694,311,188,122,122.0,0.01392204196476427,2.5491803278688523,66.0,21.221864951768488,64.0,20.578778135048232,33.0,27.049180327868854
432240020000003,Rural,8,0,432240020,João Arregui,,,32785.279087477014,226,194,88,88.0,0.006893337689668324,2.5681818181818183,40.0,17.699115044247787,36.0,15.929203539823009,22.0,25.0
432240025000001,Urbana,1,0,432240025,Plano Alto,,,89.07939155838974,334,212,129,129.0,3.7494643166828294,2.5891472868217056,59.0,17.664670658682635,89.0,26.646706586826348,21.0,16.27906976744186
432240025000002,Rural,8,0,432240025,Plano Alto,,,34958.09440809837,215,174,87,87.0,0.006150220818392013,2.471264367816092,56.0,26.046511627906977,20.0,9.30232558139535,32.0,36.7816091954023
432240025000003,Rural,8,0,432240025,Plano Alto,,,32095.255374323267,153,116,68,68.0,0.0047670597481022856,2.25,28.0,18.30065359477124,12.0,7.8431372549019605,18.0,26.470588235294116
432240025000004,Rural,8,0,432240025,Plano Alto,,,24568.843530519927,227,183,99,99.0,0.009239344119637373,2.292929292929293,42.0,18.502202643171806,26.0,11.45374449339207,34.0,34.343434343434346
432240025000005,Rural,8,0,432240025,Plano Alto,,,24371.94154228441,163,129,67,67.0,0.006688018667581369,2.4328358208955225,38.0,23.312883435582823,25.0,15.337423312883436,23.0,34.32835820895522
432240025000006,Rural,8,0,432240025,Plano Alto,,,22680.489797747607,180,147,82,82.0,0.007936336543220322,2.1951219512195124,30.0,16.666666666666668,32.0,17.77777777777778,31.0,37.80487804878049
432240030000001,Urbana,1,0,432240030,São Marcos,,,164.51098753965584,440,366,192,192.0,2.674593390875711,2.2916666666666665,57.0,12.954545454545455,167.0,37.95454545454545,54.0,28.125
432240030000002,Rural,8,0,432240030,São Marcos,,,3887.9386894028053,57,23,19,19.0,0.01466072501486779,3.0,,,19.0,33.333333333333336,3.0,15.789473684210526
432240030000003,Rural,8,0,432240030,São Marcos,,,15398.625829784685,188,101,70,69.0,0.0122088816286686,2.6956521739130435,37.0,19.680851063829788,39.0,20.74468085106383,13.0,18.840579710144926
432240030000004,Rural,8,0,432240030,São Marcos,,,17492.140966935585,159,75,53,53.0,0.009089796400597776,3.0,39.0,24.528301886792452,13.0,8.176100628930818,9.0,16.9811320754717
432240030000006,Urbana,3,0,432240030,São Marcos,,,126.5323616172174,575,445,228,228.0,4.544292010762242,2.5219298245614037,87.0,15.130434782608695,181.0,31.47826086956522,53.0,23.24561403508772
432240030000007,Urbana,3,0,432240030,São Marcos,,,74.04208958730995,409,332,168,168.0,5.52388516152978,2.4166666666666665,76.0,18.581907090464547,113.0,27.628361858190708,48.0,28.571428571428573
432240030000009,Urbana,3,0,432240030,São Marcos,,,12.90768161519197,99,69,38,38.0,7.669851407202347,2.6052631578947367,22.0,22.22222222222222,25.0,25.252525252525253,10.0,26.31578947368421
432240030000010,Rural,8,0,432240030,São Marcos,,,12352.796136894794,116,86,42,42.0,0.009390586448159396,2.761904761904762,28.0,24.137931034482758,14.0,12.068965517241379,8.0,19.047619047619047
432240035000002,Rural,8,0,432240035,Vertentes,,,22445.725842427342,61,46,22,22.0,0.0027176666251842313,2.772727272727273,,,,,4.0,18.181818181818183
432240035000003,Rural,8,0,432240035,Vertentes,,,20694.58560804068,87,75,50,50.0,0.004203998168786574,1.74,,,17.0,19.54022988505747,26.0,52.0
432240035000004,Rural,8,0,432240035,Vertentes,,,13595.869725580364,128,81,53,53.0,0.009414623895606362,2.4150943396226414,29.0,22.65625,16.0,12.5,14.0,26.41509433962264
432240035000006,Rural,8,0,432240035,Vertentes,,,22234.478235550803,108,83,45,45.0,0.004857321087360545,2.4,25.0,23.14814814814815,13.0,12.037037037037036,16.0,35.55555555555556
432240035000007,Rural,8,0,432240035,Vertentes,,,28317.90467371223,98,68,35,34.0,0.0034607080265714116,2.7058823529411766,24.0,24.489795918367346,,,10.0,29.41176470588235
432240035000008,Rural,7,9,432240035,Vertentes,,,12.126886084785568,25,11,10,10.0,2.061534991358176,2.5,,,7.0,28.0,,
432240035000010,Rural,8,0,432240035,Vertentes,,,14664.85473967216,148,82,64,64.0,0.010092155880659518,2.3125,30.0,20.27027027027027,15.0,10.135135135135135,22.0,34.375
