intervalo,anos,serie,inicio,fim,variacao_abs,variacao_pct,taxa_geom_anual_pct
2000-2010,10.0,total,126936.0,125435.0,-1501.0,-1.18,-0.119
2000-2010,10.0,urbana,118538.0,117415.0,-1123.0,-0.95,-0.095
2000-2010,10.0,rural,8398.0,8020.0,-378.0,-4.5,-0.459
2000-2010,10.0,homens,62755.0,61009.0,-1746.0,-2.78,-0.282
2000-2010,10.0,mulheres,64181.0,64426.0,245.0,0.38,0.038
2010-2022,12.0,total,125435.0,117210.0,-8225.0,-6.56,-0.564
2010-2022,12.0,urbana,117415.0,111272.0,-6143.0,-5.23,-0.447
2010-2022,12.0,rural,8020.0,5938.0,-2082.0,-25.96,-2.474
2010-2022,12.0,homens,61009.0,56449.0,-4560.0,-7.47,-0.645
2010-2022,12.0,mulheres,64426.0,60761.0,-3665.0,-5.69,-0.487
