id_area,tipo,n_setores_2010,n_setores_2022,setores_2010,setores_2022,situacao_2022,distrito_2022,bairros_2022,referencia,logradouro_principal_cnefe,area_ha,pop_2010,pop_2022,var_pop_abs,var_pop_pct,dom_2010,dom_2022,var_dom_abs,var_dom_pct,dens_2010_hab_ha,dens_2022_hab_ha,pct_0_14_2010,pct_0_14_2022,pct_60_2010,pct_60_2022,classe_mudanca,classe_mudanca_lim10,setores_2010_sem_linha,setores_2010_so_coletivo,setores_2022_com_sigilo_idade,dist_centro_km,faixa_dist,quadrante,direcao_do_centro,dif_pp_pop,classe_rel_pop,classe_rel_pop_lim10_20,ganho_absoluto_pop,dif_pp_dom,classe_rel_dom,classe_rel_dom_lim10_20,ganho_absoluto_dom
AC001,1:1,1,1,432240005000001,432240005000001,Urbana,Uruguaiana,Centro,Centro — RUA GENERAL CAMARA,RUA GENERAL CAMARA,14.42606655427031,653.0,605.0,-48.0,-7.3506891271056665,256.0,271.0,15.0,5.859375,45.265284028979,41.93797371750735,14.548238897396631,13.553719008264462,20.82695252679939,23.305785123966942,perda,estável,0,0,0,0.7610674734532682,0–1 km,SE,SE (azimute 144°),-0.7935081170207621,perto da média,perto da média,False,-5.591108672705895,abaixo da média,perto da média,True
AC002,1:1,1,1,432240005000002,432240005000002,Urbana,Uruguaiana,Centro,Centro — AVENIDA DUQUE DE CAXIAS,AVENIDA DUQUE DE CAXIAS,14.227549477560238,860.0,742.0,-118.0,-13.720930232558139,311.0,314.0,3.0,0.9646302250803859,60.44610854148821,52.152340160214244,14.418604651162791,15.09433962264151,20.0,20.21563342318059,perda,perda,0,0,0,0.6359155853663389,0–1 km,SE,S (azimute 168°),-7.163749222473235,abaixo da média,perto da média,False,-10.485853447625509,abaixo da média,abaixo da média,True
AC003,1:1,1,1,432240005000003,432240005000003,Urbana,Uruguaiana,Centro,Centro — RUA JULIO DE CASTILHOS,RUA JULIO DE CASTILHOS,14.452205590489509,827.0,739.0,-88.0,-10.64087061668682,296.0,294.0,-2.0,-0.6756756756756757,57.22309960385699,51.13406361215274,18.621523579201934,14.614343707713125,21.28174123337364,23.815967523680648,perda,perda,0,0,0,0.7456279091304191,0–1 km,SO,S (azimute 200°),-4.083689606601916,perto da média,perto da média,False,-12.12615934838157,abaixo da média,abaixo da média,False
AC004,1:1,1,1,432240005000004,432240005000004,Urbana,Uruguaiana,Centro,Centro — AVENIDA PRESIDENTE GETULIO VARGAS,AVENIDA PRESIDENTE GETULIO VARGAS,14.447794747093425,862.0,854.0,-8.0,-0.9280742459396751,335.0,370.0,35.0,10.447761194029852,59.663084580670365,59.109366858343954,15.197215777262182,15.690866510538642,23.08584686774942,25.761124121779858,estável,estável,0,0,0,0.4622962001129105,0–1 km,SO,SO (azimute 227°),5.629106764145229,acima da média,perto da média,False,-1.0027224786760431,perto da média,perto da média,True
AC005,1:1,1,1,432240005000005,432240005000005,Urbana,Uruguaiana,Centro,Centro — RUA QUINZE DE NOVEMBRO,RUA QUINZE DE NOVEMBRO,15.255354756255663,846.0,919.0,73.0,8.628841607565011,377.0,436.0,59.0,15.649867374005305,55.45593750634257,60.241142515755115,11.465721040189125,12.840043525571273,21.86761229314421,29.815016322089228,ganho,estável,0,0,0,0.27370609803020823,0–1 km,NO,O (azimute 287°),15.186022617649915,muito acima da média,acima da média,True,4.199383701299411,perto da média,perto da média,True
AC006,1:1,1,1,432240005000006,432240005000006,Urbana,Uruguaiana,Centro,Centro — RUA QUINZE DE NOVEMBRO,RUA QUINZE DE NOVEMBRO,36.78224304638414,996.0,1118.0,122.0,12.248995983935743,342.0,470.0,128.0,37.42690058479532,27.07828336472023,30.39510120658355,16.06425702811245,15.026833631484795,14.056224899598394,25.402504472271914,ganho,ganho,0,0,0,0.7534775523736138,0–1 km,NO,NO (azimute 329°),18.806176994020646,muito acima da média,acima da média,True,25.976416912089427,muito acima da média,muito acima da média,True
AC007,1:1,1,1,432240005000007,432240005000007,Urbana,Uruguaiana,Centro,Centro — RUA DOMINGOS DE ALMEIDA,RUA DOMINGOS DE ALMEIDA,17.859317488255208,916.0,962.0,46.0,5.021834061135372,329.0,413.0,84.0,25.53191489361702,51.289753967495535,53.86544030210776,18.995633187772924,16.32016632016632,17.24890829694323,20.374220374220375,ganho,estável,0,0,0,0.3967179084177043,0–1 km,NE,N (azimute 19°),11.579015071220276,acima da média,acima da média,True,14.081431220911126,acima da média,acima da média,True
AC008,1:1,1,1,432240005000008,432240005000008,Urbana,Uruguaiana,Centro,Centro — RUA SETE DE SETEMBRO,RUA SETE DE SETEMBRO,19.14097375033002,878.0,753.0,-125.0,-14.236902050113896,300.0,295.0,-5.0,-1.6666666666666667,45.87018463388583,39.339691377353105,19.81776765375854,14.608233731739707,20.159453302961275,24.43559096945551,perda,perda,0,0,0,0.582506415650038,0–1 km,NE,NE (azimute 48°),-7.6797210400289915,abaixo da média,perto da média,False,-13.11715033937256,abaixo da média,abaixo da média,False
AC009,1:1,1,1,432240005000009,432240005000009,Urbana,Uruguaiana,Centro,Centro — RUA DOMINGOS DE ALMEIDA,RUA DOMINGOS DE ALMEIDA,9.526189652773374,717.0,643.0,-74.0,-10.320781032078104,307.0,299.0,-8.0,-2.6058631921824102,75.26618995993417,67.4981313029814,12.552301255230125,10.88646967340591,19.386331938633194,23.950233281493002,perda,perda,0,0,0,0.28506225312009564,0–1 km,NE,L (azimute 89°),-3.7636000219931995,perto da média,perto da média,False,-14.056346864888305,abaixo da média,abaixo da média,False
AC010,1:1,1,1,432240005000010,432240005000010,Urbana,Uruguaiana,Centro,Centro — RUA GENERAL CAMARA,RUA GENERAL CAMARA,12.52579028503064,721.0,667.0,-54.0,-7.489597780859917,295.0,320.0,25.0,8.474576271186441,57.561238340518514,53.250133111131554,12.62135922330097,10.494752623688155,19.55617198335645,22.938530734632682,perda,estável,0,0,0,0.4497159154081659,0–1 km,SE,SE (azimute 118°),-0.9324167707750126,perto da média,perto da média,False,-2.9759074015194535,perto da média,perto da média,True
AC011,1:1,1,1,432240005000011,432240005000011,Urbana,Uruguaiana,Centro,Centro — RUA SANTANA,RUA SANTANA,14.90392778936608,699.0,532.0,-167.0,-23.891273247496425,266.0,243.0,-23.0,-8.646616541353383,46.90038826534942,35.69528835073804,15.736766809728183,10.714285714285714,17.167381974248926,27.44360902255639,perda forte,perda forte,0,0,0,0.28513253230233876,0–1 km,SE,S (azimute 180°),-17.33409223741152,muito abaixo da média,abaixo da média,False,-20.097100214059278,muito abaixo da média,muito abaixo da média,False
AC012,1:1,1,1,432240005000013,432240005000013,Urbana,Uruguaiana,Mascarenhas de Moraes,Mascarenhas de Moraes — RUA DOS ANDRADAS,RUA DOS ANDRADAS,55.402880340403655,1263.0,1006.0,-257.0,-20.34837688044339,345.0,333.0,-12.0,-3.4782608695652173,22.796648698405885,18.157900705143565,28.978622327790973,21.47117296222664,9.738717339667458,16.50099403578529,perda forte,perda forte,0,0,0,1.4942997955194577,1–2 km,NE,NE (azimute 33°),-13.791195870358486,abaixo da média,abaixo da média,False,-14.928744542271112,abaixo da média,abaixo da média,False
AC013,1:1,1,1,432240005000014,432240005000014,Urbana,Uruguaiana,Santo Antônio,Santo Antônio — RUA VASCO ALVES,RUA VASCO ALVES,8.602969787046709,595.0,517.0,-78.0,-13.109243697478991,165.0,165.0,0.0,0.0,69.16216315159885,60.09552663760773,30.084033613445378,26.11218568665377,12.100840336134453,13.152804642166345,perda,perda,0,0,0,1.089295867552452,1–2 km,NE,NE (azimute 54°),-6.552062687394087,abaixo da média,perto da média,False,-11.450483672705895,abaixo da média,abaixo da média,False
AC014,1:1,1,1,432240005000015,432240005000015,Urbana,Uruguaiana,Santo Antônio,Santo Antônio — RUA BENJAMIN CONSTANT,RUA BENJAMIN CONSTANT,7.54077875508437,684.0,626.0,-58.0,-8.47953216374269,205.0,226.0,21.0,10.24390243902439,90.70681188449045,83.0152985960395,26.023391812865498,18.849840255591054,13.011695906432749,18.53035143769968,perda,estável,0,0,0,1.0027301072750248,1–2 km,NE,NE (azimute 67°),-1.922351153657785,perto da média,perto da média,False,-1.2065812336815043,perto da média,perto da média,True
AC015,1:1,1,1,432240005000017,432240005000017,Urbana,Uruguaiana,Santo Antônio,Santo Antônio — RUA TIRADENTES,RUA TIRADENTES,7.496741405493881,587.0,440.0,-147.0,-25.04258943781942,174.0,167.0,-7.0,-4.022988505747127,78.30068669166384,58.69216719647715,23.679727427597957,18.40909090909091,12.606473594548552,24.545454545454547,perda forte,perda forte,0,0,0,0.9941901198378045,0–1 km,NE,L (azimute 80°),-18.485408427734516,muito abaixo da média,abaixo da média,False,-15.473472178453022,muito abaixo da média,abaixo da média,False
AC016,1:1,1,1,432240005000018,432240005000018,Urbana,Uruguaiana,Santo Antônio,Santo Antônio — RUA DOS ANDRADAS,RUA DOS ANDRADAS,9.968241570384501,626.0,588.0,-38.0,-6.0702875399361025,216.0,235.0,19.0,8.796296296296296,62.79944116320744,58.987334511127756,19.64856230031949,16.156462585034014,17.41214057507987,20.238095238095237,perda,estável,0,0,0,0.7963722655588968,0–1 km,NE,NE (azimute 62°),0.4868934701488019,perto da média,perto da média,False,-2.654187376409599,perto da média,perto da média,True
AC017,1:1,1,1,432240005000019,432240005000019,Urbana,Uruguaiana,Santana,Santana — RUA TIRADENTES,RUA TIRADENTES,12.107881899318263,925.0,813.0,-112.0,-12.108108108108109,281.0,274.0,-7.0,-2.491103202846975,76.39651655770464,67.14634374206905,22.91891891891892,17.71217712177122,13.297297297297296,21.156211562115622,perda,perda,0,0,0,0.9838715864753219,0–1 km,NE,L (azimute 89°),-5.550927098023204,abaixo da média,perto da média,False,-13.94158687555287,abaixo da média,abaixo da média,False
AC018,1:1,1,1,432240005000020,432240005000020,Urbana,Uruguaiana,Santana,Santana — RUA SANTANA,RUA SANTANA,12.304405744043207,1064.0,941.0,-123.0,-11.56015037593985,332.0,342.0,10.0,3.0120481927710845,86.47309119459933,76.47667181778004,23.966165413533833,18.91604675876727,14.285714285714286,17.747077577045697,perda,perda,0,0,0,0.9938775686510161,0–1 km,SE,L (azimute 98°),-5.002969365854946,abaixo da média,perto da média,False,-8.43843547993481,abaixo da média,perto da média,True
AC019,1:1,1,1,432240005000021,432240005000021,Urbana,Uruguaiana,Santana,Santana — AVENIDA PRESIDENTE GETULIO VARGAS,AVENIDA PRESIDENTE GETULIO VARGAS,12.305900907226897,821.0,713.0,-108.0,-13.15468940316687,270.0,269.0,-1.0,-0.37037037037037035,66.71596059398225,57.93968319550468,20.09744214372716,18.93408134642356,12.911084043848964,18.93408134642356,perda,perda,0,0,0,1.0348821365407466,1–2 km,SE,L (azimute 107°),-6.597508393081966,abaixo da média,perto da média,False,-11.820854043076265,abaixo da média,abaixo da média,False
AC020,1:1,1,1,432240005000022,432240005000022,Urbana,Uruguaiana,Santana,Santana — RUA GENERAL BENTO MARTINS,RUA GENERAL BENTO MARTINS,14.9111998805543,839.0,983.0,144.0,17.163289630512516,270.0,389.0,119.0,44.074074074074076,56.266431053220614,65.9236015796375,23.122765196662694,17.497456765005087,14.183551847437425,18.61648016276704,ganho,ganho,0,0,0,1.5318454833816033,1–2 km,SE,L (azimute 95°),23.72047064059742,muito acima da média,muito acima da média,True,32.62359040136818,muito acima da média,muito acima da média,True
AC021,1:1,1,1,432240005000023,432240005000023,Urbana,Uruguaiana,Santana,Santana — RUA PROFESSOR JOAO JANCESKI,RUA PROFESSOR JOAO JANCESKI,30.939567166986624,1166.0,1120.0,-46.0,-3.9451114922813035,353.0,409.0,56.0,15.864022662889518,37.686370779102376,36.199601434472264,22.984562607204115,15.178571428571429,11.578044596912521,21.339285714285715,estável,estável,0,0,0,2.12913037067129,2–3 km,SE,L (azimute 99°),2.612069517803601,perto da média,perto da média,False,4.413538990183623,perto da média,perto da média,True
AC022,1:1,1,1,432240005000024,432240005000024,Urbana,Uruguaiana,São João,São João — RUA PROFESSOR LUIZ ANTONIO LOPES,RUA PROFESSOR LUIZ ANTONIO LOPES,18.395922789482203,937.0,764.0,-173.0,-18.463180362860193,302.0,273.0,-29.0,-9.602649006622517,50.93519964846374,41.53094186918495,20.17075773745998,19.63350785340314,13.553895410885806,20.81151832460733,perda,perda,0,0,0,1.813987473747706,1–2 km,SE,L (azimute 112°),-11.90599935277529,abaixo da média,abaixo da média,False,-21.053132679328414,muito abaixo da média,muito abaixo da média,False
AC023,1:1,1,1,432240005000025,432240005000025,Urbana,Uruguaiana,São João,São João — RUA PRADO LIMA,RUA PRADO LIMA,12.4280072596935,1044.0,784.0,-260.0,-24.904214559386972,300.0,284.0,-16.0,-5.333333333333333,84.00381317654197,63.08332330498937,31.226053639846743,20.025510204081634,9.865900383141762,17.857142857142858,perda forte,perda forte,0,0,0,2.007636165509453,2–3 km,SE,SE (azimute 124°),-18.34703354930207,muito abaixo da média,abaixo da média,False,-16.78381700603923,muito abaixo da média,abaixo da média,False
AC024,1:1,1,1,432240005000026,432240005000026,Urbana,Uruguaiana,São João,São João — RUA QUATORZE DE JULHO,RUA QUATORZE DE JULHO,17.342110908211932,1174.0,1100.0,-74.0,-6.303236797274276,343.0,380.0,37.0,10.787172011661808,67.69648782744672,63.42941789624479,27.2572402044293,20.363636363636363,11.584327086882453,16.727272727272727,perda,estável,0,0,0,1.8419515469120007,1–2 km,SE,SE (azimute 142°),0.2539442128106284,perto da média,perto da média,False,-0.6633116610440872,perto da média,perto da média,True
AC025,1:1,1,1,432240005000027,432240005000027,Urbana,Uruguaiana,São João,São João — RUA DOS ANDRADAS,RUA DOS ANDRADAS,16.667253721771054,968.0,909.0,-59.0,-6.095041322314049,300.0,323.0,23.0,7.666666666666667,58.07795430242846,54.538078988540775,20.041322314049587,18.81188118811881,12.396694214876034,24.422442244224424,perda,estável,0,0,0,1.7926111789469161,1–2 km,SE,SE (azimute 155°),0.462139687770855,perto da média,perto da média,False,-3.7838170060392278,perto da média,perto da média,True
AC026,1:1,1,1,432240005000028,432240005000028,Urbana,Uruguaiana,São João,São João — RUA PRADO LIMA,RUA PRADO LIMA,11.954519620335507,953.0,855.0,-98.0,-10.283315844700944,324.0,324.0,0.0,0.0,79.7188034539571,71.52106710717031,21.30115424973767,17.77777777777778,16.054564533053515,22.573099415204677,perda,perda,0,0,0,1.456119747261967,1–2 km,SE,SE (azimute 143°),-3.7261348346160394,perto da média,perto da média,False,-11.450483672705895,abaixo da média,abaixo da média,False
AC027,1:1,1,1,432240005000029,432240005000029,Urbana,Uruguaiana,São João,São João — RUA VENANCIO AIRES,RUA VENANCIO AIRES,21.22654313431442,1268.0,1163.0,-105.0,-8.280757097791797,393.0,431.0,38.0,9.669211195928753,59.7365285518477,54.78989172381615,24.526813880126184,19.088564058469476,10.488958990536277,18.40068787618229,perda,estável,0,0,0,1.241334209925026,1–2 km,SE,SE (azimute 134°),-1.7235760877068929,perto da média,perto da média,False,-1.7812724767771417,perto da média,perto da média,True
AC028,1:1,1,1,432240005000030,432240005000030,Urbana,Uruguaiana,São João,São João — RUA DOUTOR MAIA,RUA DOUTOR MAIA,21.124446468476894,916.0,778.0,-138.0,-15.065502183406114,282.0,276.0,-6.0,-2.127659574468085,43.36208294815713,36.82936739483215,20.851528384279476,21.20822622107969,11.790393013100436,20.051413881748072,perda,perda,0,0,0,1.088830580329415,1–2 km,SE,SE (azimute 119°),-8.50832117332121,abaixo da média,perto da média,False,-13.57814324717398,abaixo da média,abaixo da média,False
AC029,1:1,1,1,432240005000031,432240005000031,Urbana,Uruguaiana,São João,São João — RUA DOUTOR MAIA,RUA DOUTOR MAIA,7.015384616238824,768.0,689.0,-79.0,-10.286458333333334,269.0,261.0,-8.0,-2.973977695167286,109.47368419719656,98.21271928628703,20.3125,16.9811320754717,12.109375,22.35123367198839,perda,perda,0,0,0,1.5090046169490314,1–2 km,SE,L (azimute 112°),-3.7292773232484295,perto da média,perto da média,False,-14.424461367873182,abaixo da média,abaixo da média,False
AC030,1:1,1,1,432240005000032,432240005000032,Urbana,Uruguaiana,São João,São João — RUA SENADOR FELICIANO RIBEIRO,RUA SENADOR FELICIANO RIBEIRO,9.813383978684081,971.0,826.0,-145.0,-14.933058702368692,269.0,285.0,16.0,5.947955390334572,98.94650021940807,84.17076125770448,28.32131822863028,24.092009685230025,11.019567456230691,15.49636803874092,perda,perda,0,0,0,1.6062733497475274,1–2 km,SE,SE (azimute 121°),-8.375877692283787,abaixo da média,perto da média,False,-5.502528282371323,abaixo da média,perto da média,True
AC031,1:1,1,1,432240005000033,432240005000033,Urbana,Uruguaiana,São João,São João — RUA PRADO LIMA,RUA PRADO LIMA,12.009970862031443,1475.0,1217.0,-258.0,-17.491525423728813,492.0,477.0,-15.0,-3.048780487804878,122.81461936457264,101.33246899436264,23.322033898305083,19.14543960558751,9.220338983050848,17.173377156943303,perda,perda,0,0,0,1.7245153001604483,1–2 km,SE,SE (azimute 132°),-10.93434441364391,abaixo da média,abaixo da média,False,-14.499264160510773,abaixo da média,abaixo da média,False
AC032,1:1,1,1,432240005000036,432240005000036,Urbana,Uruguaiana,Cidade Nova,Cidade Nova — RUA LUIZ BETINELLI,RUA LUIZ BETINELLI,17.734529994603946,779.0,644.0,-135.0,-17.329910141206675,239.0,238.0,-1.0,-0.41841004184100417,43.925607289114794,36.31333901693187,22.978177150192554,18.167701863354036,11.681643132220795,17.236024844720497,perda,perda,0,0,0,2.2356955508837677,2–3 km,SE,L (azimute 106°),-10.772729131121771,abaixo da média,abaixo da média,False,-11.8688937145469,abaixo da média,abaixo da média,False
AC033,1:1,1,1,432240005000037,432240005000037,Urbana,Uruguaiana,Cidade Nova,Cidade Nova — RUA AGNALDO TARRAGO,RUA AGNALDO TARRAGO,14.419639130766685,1069.0,863.0,-206.0,-19.270346117867167,304.0,310.0,6.0,1.9736842105263157,74.13500367835917,59.84893187504581,26.941066417212348,19.003476245654692,12.06735266604303,19.81460023174971,perda,perda,0,0,0,2.5193716087334637,2–3 km,SE,L (azimute 110°),-12.713165107782263,abaixo da média,abaixo da média,False,-9.47679946217958,abaixo da média,perto da média,True
AC034,1:1,1,1,432240005000038,432240005000038,Urbana,Uruguaiana,Cidade Nova,Cidade Nova — RUA PERIMETRAL UM,RUA PERIMETRAL UM,12.25995510244759,979.0,976.0,-3.0,-0.30643513789581206,291.0,353.0,62.0,21.305841924398624,79.85347350942186,79.60877440775867,27.8855975485189,21.516393442622952,10.725229826353422,15.676229508196721,estável,estável,0,0,0,2.235045046239639,2–3 km,SE,SE (azimute 116°),6.250745872189093,acima da média,perto da média,False,9.85535825169273,acima da média,perto da média,True
AC035,1:1,1,1,432240005000040,432240005000040,Urbana,Uruguaiana,Santo Inácio,Santo Inácio — RUA ANTONIO MASCIA,RUA ANTONIO MASCIA,31.046960369509442,1503.0,1431.0,-72.0,-4.790419161676646,437.0,504.0,67.0,15.331807780320366,48.4105362364576,46.09146863231592,28.60944777112442,20.405310971348708,7.717897538256819,15.09433962264151,estável,estável,0,0,0,3.1786759332176437,3–5 km,SE,L (azimute 112°),1.7667618484082581,perto da média,perto da média,False,3.8813241076144713,perto da média,perto da média,True
AC036,1:1,1,1,432240005000041,432240005000041,Urbana,Uruguaiana,Santo Inácio,Santo Inácio — RUA DOUTOR JACI CARNEIRO MONTEIRO,RUA DOUTOR JACI CARNEIRO MONTEIRO,79.32053668709557,1464.0,1522.0,58.0,3.9617486338797816,419.0,503.0,84.0,20.047732696897373,18.456758629548883,19.187969012413525,29.439890710382514,21.61629434954008,8.401639344262295,14.060446780551905,estável,estável,0,0,0,4.13611823938353,3–5 km,SE,L (azimute 108°),10.518929643964686,acima da média,acima da média,True,8.597249024191479,acima da média,perto da média,True
AC037,1:1,1,1,432240005000042,432240005000042,Urbana,Uruguaiana,Distrito Rodoviário,Distrito Rodoviário — RUA PERIMETRAL LESTE,RUA PERIMETRAL LESTE,206.72540150189772,1006.0,1053.0,47.0,4.671968190854871,256.0,326.0,70.0,27.34375,4.866358912311823,5.093713652747863,41.15308151093439,30.484330484330485,3.280318091451292,9.876543209876543,estável,estável,0,0,0,4.87523226135893,3–5 km,SE,SE (azimute 113°),11.229149200939776,acima da média,acima da média,True,15.893266327294105,muito acima da média,acima da média,True
AC038,1:1,1,1,432240005000043,432240005000043,Urbana,Uruguaiana,Aeroporto,Aeroporto — AVENIDA MARECHAL SETEMBRINO DE CARVALHO,AVENIDA MARECHAL SETEMBRINO DE CARVALHO,435.9967108297777,386.0,425.0,39.0,10.103626943005182,110.0,145.0,35.0,31.818181818181817,0.8853277798022254,0.9747779958962326,29.533678756476682,23.529411764705884,8.031088082901555,13.176470588235293,ganho,ganho,0,0,0,5.097201524684771,5–10 km,SE,SE (azimute 126°),16.660807953090085,muito acima da média,acima da média,True,20.36769814547592,muito acima da média,muito acima da média,True
AC039,1:1,1,1,432240005000044,432240005000044,Urbana,Uruguaiana,Jardim do Salso,Jardim do Salso — RUA DAS CAMELIAS,RUA DAS CAMELIAS,99.77539483874197,308.0,632.0,324.0,105.1948051948052,99.0,215.0,116.0,117.17171717171718,3.0869334117674283,6.334227000769528,25.0,24.68354430379747,8.116883116883116,10.126582278481013,ganho forte,ganho forte,0,0,0,4.804037025492468,3–5 km,SE,SE (azimute 137°),111.7519862048901,muito acima da média,muito acima da média,True,105.72123349901128,muito acima da média,muito acima da média,True
AC040,1:1,1,1,432240005000047,432240005000047,Urbana,Uruguaiana,União das Vilas,União das Vilas — RUA 20,RUA 20,8.791451217668618,948.0,738.0,-210.0,-22.151898734177216,241.0,232.0,-9.0,-3.7344398340248963,107.83202642298204,83.94518512675184,32.91139240506329,23.306233062330623,3.9029535864978904,10.433604336043361,perda forte,perda forte,0,0,0,3.7214492569499593,3–5 km,SE,SE (azimute 148°),-15.594717724092312,muito abaixo da média,abaixo da média,False,-15.18492350673079,muito abaixo da média,abaixo da média,False
AC041,1:1,1,1,432240005000048,432240005000048,Urbana,Uruguaiana,União das Vilas,União das Vilas — RUA JOAO LAPITZ,RUA JOAO LAPITZ,10.988579050396206,1101.0,949.0,-152.0,-13.805631244323342,272.0,299.0,27.0,9.926470588235293,100.19493830372018,86.3623945960313,34.786557674841056,26.7650158061117,4.450499545867394,10.326659641728135,perda,perda,0,0,0,3.741562048018544,3–5 km,SE,SE (azimute 144°),-7.248450234238438,abaixo da média,perto da média,False,-1.5240130844706012,perto da média,perto da média,True
AC042,1:1,1,1,432240005000049,432240005000049,Urbana,Uruguaiana,União das Vilas,União das Vilas — RUA ARACA,RUA ARACA,8.853199512647874,902.0,667.0,-235.0,-26.053215077605323,235.0,219.0,-16.0,-6.808510638297872,101.88407012757175,75.33999420741723,31.70731707317073,23.238380809595203,6.984478935698448,13.193403298350825,perda forte,perda forte,0,0,0,3.9815431885743724,3–5 km,SE,SE (azimute 145°),-19.49603406752042,muito abaixo da média,abaixo da média,False,-18.258994311003768,muito abaixo da média,abaixo da média,False
AC043,1:1,1,1,432240005000050,432240005000050,Urbana,Uruguaiana,União das Vilas,União das Vilas — RUA DAS HORTENCIAS,RUA DAS HORTENCIAS,9.151850005953401,1319.0,1090.0,-229.0,-17.36163760424564,349.0,343.0,-6.0,-1.7191977077363896,144.12386557275008,119.10160233077907,28.127369219105383,25.045871559633028,10.614101592115238,16.238532110091743,perda,perda,0,0,0,4.224163769244677,3–5 km,SE,SE (azimute 142°),-10.804456594160737,abaixo da média,abaixo da média,False,-13.169681380442285,abaixo da média,abaixo da média,False
AC044,1:1,1,1,432240005000051,432240005000051,Urbana,Uruguaiana,União das Vilas,União das Vilas — RUA IMBAA,RUA IMBAA,7.0234916905753515,1070.0,864.0,-206.0,-19.252336448598133,278.0,271.0,-7.0,-2.5179856115107913,152.34587682872984,123.01573605609588,33.45794392523364,24.65277777777778,6.822429906542056,15.277777777777779,perda,perda,0,0,0,4.318974847289716,3–5 km,SE,SE (azimute 147°),-12.695155438513229,abaixo da média,abaixo da média,False,-13.968469284216686,abaixo da média,abaixo da média,False
AC045,1:1,1,1,432240005000052,432240005000052,Urbana,Uruguaiana,União das Vilas,União das Vilas — RUA ITAPITOCAI,RUA ITAPITOCAI,7.66149506601802,1211.0,918.0,-293.0,-24.194880264244425,294.0,277.0,-17.0,-5.782312925170068,158.0631442773224,119.81995577752433,34.18662262592898,23.856209150326798,7.184145334434352,15.250544662309368,perda forte,perda forte,0,0,0,4.162506512339167,3–5 km,SE,SE (azimute 147°),-17.63769925415952,muito abaixo da média,abaixo da média,False,-17.23279659787596,muito abaixo da média,abaixo da média,False
AC046,1:1,1,1,432240005000054,432240005000054,Urbana,Uruguaiana,Vila Júlia,Vila Júlia — RUA ANTONIO ARACY MEUS,RUA ANTONIO ARACY MEUS,12.590216618254885,1597.0,1087.0,-510.0,-31.934877896055102,438.0,369.0,-69.0,-15.753424657534246,126.84452129953569,86.33687830469336,28.55353788353162,20.97516099356026,9.267376330619912,15.547378104875804,perda forte,perda forte,0,0,0,2.9828918064549623,2–3 km,SE,S (azimute 161°),-25.3776968859702,muito abaixo da média,muito abaixo da média,False,-27.20390833024014,muito abaixo da média,muito abaixo da média,False
AC047,1:1,1,1,432240005000056,432240005000056,Urbana,Uruguaiana,Vila Júlia,Vila Júlia — AVENIDA GENERAL FLORES DA CUNHA,AVENIDA GENERAL FLORES DA CUNHA,13.288139719557858,1074.0,962.0,-112.0,-10.42830540037244,303.0,346.0,43.0,14.191419141914192,80.82395449373975,72.39538568247453,25.41899441340782,18.814968814968815,11.452513966480447,19.646569646569645,perda,perda,0,0,0,2.3176739663395343,2–3 km,SE,S (azimute 167°),-3.8711243902875347,perto da média,perto da média,False,2.7409354692082974,perto da média,perto da média,True
AC048,1:1,1,1,432240005000057,432240005000057,Urbana,Uruguaiana,Vila Júlia,Vila Júlia — RUA PADRE ANCHIETA,RUA PADRE ANCHIETA,13.066351131463463,1096.0,956.0,-140.0,-12.773722627737227,339.0,344.0,5.0,1.4749262536873156,83.87957655300247,73.16503210280142,24.726277372262775,19.560669456066947,12.682481751824817,21.12970711297071,perda,perda,0,0,0,2.2915682312309373,2–3 km,SE,S (azimute 160°),-6.2165416176523225,abaixo da média,perto da média,False,-9.975557419018578,abaixo da média,perto da média,True
AC049,1:1,1,1,432240005000058,432240005000058,Urbana,Uruguaiana,Ipiranga,Ipiranga — RUA VENANCIO AIRES,RUA VENANCIO AIRES,14.055825417156386,1261.0,1186.0,-75.0,-5.947660586835845,378.0,439.0,61.0,16.137566137566136,89.71369254920008,84.37782661645622,23.86994448850119,18.29679595278246,11.89532117367169,22.09106239460371,perda,estável,0,0,0,2.136094105120025,2–3 km,SE,SE (azimute 150°),0.6095204232490596,perto da média,perto da média,False,4.687082464860241,perto da média,perto da média,True
AC050,1:1,1,1,432240005000059,432240005000059,Urbana,Uruguaiana,Ipiranga,Ipiranga — RUA SERGIO DE OLIVEIRA,RUA SERGIO DE OLIVEIRA,5.517319315629955,780.0,662.0,-118.0,-15.128205128205128,203.0,227.0,24.0,11.822660098522167,141.3730029709077,119.98580508556525,30.0,22.9607250755287,6.666666666666667,15.407854984894259,perda,perda,0,0,0,2.380365385831459,2–3 km,SE,SE (azimute 146°),-8.571024118120224,abaixo da média,perto da média,False,0.3721764258162725,perto da média,perto da média,True
AC051,1:1,1,1,432240005000060,432240005000060,Urbana,Uruguaiana,Ipiranga,Ipiranga — RUA OITO,RUA OITO,8.744971068782341,853.0,766.0,-87.0,-10.199296600234467,256.0,260.0,4.0,1.5625,97.5417749573839,87.59320002034708,24.6189917936694,18.929503916449086,10.199296600234467,19.06005221932115,perda,perda,0,0,0,2.263525985388886,2–3 km,SE,SE (azimute 142°),-3.6421155901495625,perto da média,perto da média,False,-9.887983672705895,abaixo da média,perto da média,True
AC052,1:1,1,1,432240005000061,432240005000061,Urbana,Uruguaiana,Ipiranga,Ipiranga — RUA FERNANDO FERRARI,RUA FERNANDO FERRARI,9.75205541766903,864.0,710.0,-154.0,-17.824074074074073,254.0,246.0,-8.0,-3.1496062992125986,88.59670736023321,72.80516461315462,25.11574074074074,18.450704225352112,12.037037037037036,20.845070422535212,perda,perda,0,0,0,2.6683878440939766,2–3 km,SE,SE (azimute 143°),-11.26689306398917,abaixo da média,abaixo da média,False,-14.600089971918493,abaixo da média,abaixo da média,False
AC053,1:1,1,1,432240005000062,432240005000062,Urbana,Uruguaiana,Ipiranga,Ipiranga — RUA DOUTOR HOMERO TARRAGO,RUA DOUTOR HOMERO TARRAGO,12.348320907459913,1163.0,969.0,-194.0,-16.680997420464315,317.0,349.0,32.0,10.094637223974763,94.18284548285462,78.47220745733974,27.343078245915734,20.123839009287927,8.25451418744626,16.51186790505676,perda,perda,0,0,0,2.912546617370105,2–3 km,SE,SE (azimute 149°),-10.123816410379412,abaixo da média,abaixo da média,False,-1.355846448731132,perto da média,perto da média,True
AC054,1:1,1,1,432240005000063,432240005000063,Urbana,Uruguaiana,Ipiranga,Ipiranga — RUA JOAL DE LIMA E SILVA,RUA JOAL DE LIMA E SILVA,11.360142228723523,984.0,932.0,-52.0,-5.284552845528455,290.0,353.0,63.0,21.724137931034484,86.61863383294688,82.04122635397002,25.101626016260163,18.454935622317596,9.959349593495935,15.236051502145923,perda,estável,0,0,0,2.66422289281982,2–3 km,SE,SE (azimute 155°),1.2726281645564494,perto da média,perto da média,False,10.27365425832859,acima da média,acima da média,True
AC055,1:1,1,1,432240005000064,432240005000064,Urbana,Uruguaiana,Ipiranga,Ipiranga — RUA FERNANDO FERRARI,RUA FERNANDO FERRARI,10.58398871333465,964.0,857.0,-107.0,-11.099585062240664,290.0,315.0,25.0,8.620689655172415,91.08097392294714,80.97136374685238,23.96265560165975,17.96966161026838,9.439834024896266,19.603267211201867,perda,perda,0,0,0,2.486264430978924,2–3 km,SE,SE (azimute 152°),-4.542404052155759,perto da média,perto da média,False,-2.82979401753348,perto da média,perto da média,True
AC056,1:1,1,1,432240005000065,432240005000065,Urbana,Uruguaiana,Ipiranga,Ipiranga — AVENIDA MARECHAL SETEMBRINO DE CARVALHO,AVENIDA MARECHAL SETEMBRINO DE CARVALHO,50.14458425752466,966.0,845.0,-121.0,-12.525879917184264,281.0,308.0,27.0,9.608540925266905,19.264293727892312,16.85127142864286,27.43271221532091,20.473372781065088,8.178053830227743,18.106508875739646,perda,perda,0,0,0,3.247020711280621,3–5 km,SE,SE (azimute 154°),-5.96869890709936,abaixo da média,perto da média,False,-1.8419427474389902,perto da média,perto da média,True
AC057,1:1,1,1,432240005000066,432240005000066,Urbana,Uruguaiana,Rui Ramos,Rui Ramos — RUA VEREADOR ARNALDO D AGUSTIN RIBEIRO,RUA VEREADOR ARNALDO D AGUSTIN RIBEIRO,15.513243248090218,768.0,644.0,-124.0,-16.145833333333332,208.0,220.0,12.0,5.769230769230769,49.50608894078586,41.512918330554804,30.078125,19.720496894409937,8.463541666666666,15.217391304347826,perda,perda,0,0,0,2.9878136454973885,2–3 km,SE,SE (azimute 143°),-9.588652323248429,abaixo da média,perto da média,False,-5.681252903475126,abaixo da média,perto da média,True
AC058,1:1,1,1,432240005000067,432240005000067,Urbana,Uruguaiana,Rui Ramos,Rui Ramos — RUA ESCRITOR URBANO LAGO VILLELA,RUA ESCRITOR URBANO LAGO VILLELA,12.740138286758398,730.0,617.0,-113.0,-15.479452054794521,207.0,221.0,14.0,6.763285024154589,57.299221057806996,48.429615606393035,24.931506849315067,16.53160453808752,11.506849315068493,20.583468395461914,perda,perda,0,0,0,2.3052584543799854,2–3 km,SE,SE (azimute 137°),-8.922271044709618,abaixo da média,perto da média,False,-4.6871986485513055,perto da média,perto da média,True
AC059,1:1,1,1,432240005000070,432240005000070,Urbana,Uruguaiana,Cidade Alegria,Cidade Alegria — RUA DORVAL ARREGUI,RUA DORVAL ARREGUI,54.54085328315052,895.0,925.0,30.0,3.35195530726257,250.0,317.0,67.0,26.8,16.40971759927517,16.959763999250875,27.374301675977655,20.43243243243243,8.603351955307263,16.972972972972972,estável,estável,0,0,0,3.107070730277341,3–5 km,SE,SE (azimute 136°),9.909136317347475,acima da média,perto da média,True,15.349516327294106,muito acima da média,acima da média,True
AC060,1:1,1,1,432240005000071,432240005000071,Urbana,Uruguaiana,Cidade Alegria,Cidade Alegria — RUA JOSE GOMES DE SOUZA,RUA JOSE GOMES DE SOUZA,11.426047913651939,961.0,855.0,-106.0,-11.030176899063475,279.0,295.0,16.0,5.734767025089606,84.10607125599299,74.82902281360458,26.95109261186264,21.52046783625731,8.012486992715921,17.894736842105264,perda,perda,0,0,0,2.5095797913759563,2–3 km,SE,SE (azimute 131°),-4.472995888978571,perto da média,perto da média,False,-5.715716647616289,abaixo da média,perto da média,True
AC061,1:1,1,1,432240005000072,432240005000072,Urbana,Uruguaiana,Emílio Brandi,Emílio Brandi — PROLONGAMENTO RUA VICENTE FITTIPALDI,PROLONGAMENTO RUA VICENTE FITTIPALDI,14.545294946862375,710.0,483.0,-227.0,-31.971830985915492,204.0,175.0,-29.0,-14.215686274509803,48.81303559630855,33.20661435636201,23.239436619718308,18.840579710144926,13.943661971830986,17.805383022774325,perda forte,perda forte,0,0,0,3.2833062627181584,3–5 km,SE,SE (azimute 128°),-25.41464997583059,muito abaixo da média,muito abaixo da média,False,-25.6661699472157,muito abaixo da média,muito abaixo da média,False
AC062,1:1,1,1,432240005000073,432240005000073,Urbana,Uruguaiana,Emílio Brandi,Emílio Brandi — RUA UM,RUA UM,9.478336738001085,962.0,685.0,-277.0,-28.794178794178794,264.0,235.0,-29.0,-10.984848484848484,101.49460043375491,72.27006371842215,25.155925155925157,18.83211678832117,12.577962577962579,18.978102189781023,perda forte,perda forte,0,0,0,3.0618293792273383,3–5 km,SE,SE (azimute 123°),-22.23699778409389,muito abaixo da média,muito abaixo da média,False,-22.435332157554377,muito abaixo da média,muito abaixo da média,False
AC063,1:1,1,1,432240005000074,432240005000074,Urbana,Uruguaiana,São Miguel,São Miguel — RUA ESTILAC LEAL,RUA ESTILAC LEAL,10.879764923458247,814.0,683.0,-131.0,-16.093366093366093,285.0,267.0,-18.0,-6.315789473684211,74.81779300625382,62.777091674780536,19.9017199017199,15.666178623718887,12.530712530712531,22.547584187408493,perda,perda,0,0,0,2.2444964189579086,2–3 km,SE,S (azimute 179°),-9.53618508328119,abaixo da média,perto da média,False,-17.766273146390105,muito abaixo da média,abaixo da média,False
AC064,1:1,1,1,432240005000075,432240005000075,Urbana,Uruguaiana,São Miguel,São Miguel — RUA QUINZE DE NOVEMBRO,RUA QUINZE DE NOVEMBRO,11.953667014929438,952.0,752.0,-200.0,-21.008403361344538,304.0,289.0,-15.0,-4.934210526315789,79.6408331276927,62.90956566389172,19.327731092436974,16.090425531914892,16.596638655462186,22.872340425531913,perda forte,perda forte,0,0,0,1.8347157784528807,1–2 km,SO,S (azimute 186°),-14.451222351259634,abaixo da média,abaixo da média,False,-16.384694199021684,muito abaixo da média,abaixo da média,False
AC065,1:1,1,1,432240005000076,432240005000076,Urbana,Uruguaiana,São Miguel,São Miguel — RUA QUATORZE DE JULHO,RUA QUATORZE DE JULHO,11.982430739200604,793.0,717.0,-76.0,-9.583858764186633,271.0,287.0,16.0,5.904059040590406,66.1802281406639,59.83760854584618,19.672131147540984,15.06276150627615,14.627994955863809,24.686192468619247,perda,estável,0,0,0,1.491525343915701,1–2 km,SO,S (azimute 185°),-3.026677754101729,perto da média,perto da média,False,-5.546424632115489,abaixo da média,perto da média,True
AC066,1:1,1,1,432240005000077,432240005000077,Urbana,Uruguaiana,São Miguel,São Miguel — RUA QUINZE DE NOVEMBRO,RUA QUINZE DE NOVEMBRO,14.457636086270346,810.0,701.0,-109.0,-13.45679012345679,271.0,292.0,21.0,7.749077490774908,56.02575657366381,48.48648809646708,16.17283950617284,13.266761768901569,16.666666666666668,27.81740370898716,perda,perda,0,0,0,1.098289076837972,1–2 km,SO,S (azimute 189°),-6.899609113371885,abaixo da média,perto da média,False,-3.701406181930987,perto da média,perto da média,True
AC067,1:1,1,1,432240005000078,432240005000078,Urbana,Uruguaiana,São Miguel,São Miguel — RUA DOMINGOS DE ALMEIDA,RUA DOMINGOS DE ALMEIDA,9.620565577037095,790.0,732.0,-58.0,-7.341772151898734,271.0,290.0,19.0,7.011070110701107,82.11575438824681,76.08700280024894,18.734177215189874,15.300546448087431,13.79746835443038,18.169398907103826,perda,estável,0,0,0,1.1652090629070873,1–2 km,SE,S (azimute 177°),-0.7845911418138298,perto da média,perto da média,False,-4.439413562004788,perto da média,perto da média,True
AC068,1:1,1,1,432240005000079,432240005000079,Urbana,Uruguaiana,São Miguel,São Miguel — RUA GENERAL CAMARA,RUA GENERAL CAMARA,9.54645096937186,837.0,686.0,-151.0,-18.040621266427717,296.0,302.0,6.0,2.027027027027027,87.67656196898409,71.85916548473486,16.129032258064516,12.973760932944606,19.83273596176822,27.40524781341108,perda,perda,0,0,0,1.1745369348534789,1–2 km,SE,S (azimute 169°),-11.483440256342814,abaixo da média,abaixo da média,False,-9.423456645678868,abaixo da média,perto da média,True
AC069,1:1,1,1,432240005000080,432240005000080,Urbana,Uruguaiana,São Miguel,São Miguel — RUA SETE DE SETEMBRO,RUA SETE DE SETEMBRO,9.654098757963641,817.0,555.0,-262.0,-32.06854345165239,277.0,236.0,-41.0,-14.8014440433213,84.62726770078447,57.48853558621222,21.297429620563037,12.792792792792794,15.911872705018359,27.38738738738739,perda forte,perda forte,0,0,0,1.0985328175189324,1–2 km,SE,SE (azimute 156°),-25.511362441567485,muito abaixo da média,muito abaixo da média,False,-26.251927716027197,muito abaixo da média,muito abaixo da média,False
AC070,1:1,1,1,432240005000081,432240005000081,Urbana,Uruguaiana,São Miguel,São Miguel — RUA SETE DE SETEMBRO,RUA SETE DE SETEMBRO,9.745166344007444,932.0,758.0,-174.0,-18.669527896995707,264.0,286.0,22.0,8.333333333333334,95.63715662720432,77.78215099079493,21.888412017167383,14.379947229551451,15.343347639484978,22.691292875989447,perda,perda,0,0,0,1.3877184880690097,1–2 km,SE,S (azimute 161°),-12.112346886910803,abaixo da média,abaixo da média,False,-3.117150339372561,perto da média,perto da média,True
AC071,1:1,1,1,432240005000082,432240005000082,Urbana,Uruguaiana,São Miguel,São Miguel — RUA JOSE GARIBALDI,RUA JOSE GARIBALDI,14.224615506914992,786.0,700.0,-86.0,-10.94147582697201,250.0,277.0,27.0,10.8,55.25632658527065,49.210468969070554,20.610687022900763,13.285714285714286,14.885496183206106,22.285714285714285,perda,perda,0,0,0,1.6638998263893008,1–2 km,SE,S (azimute 167°),-4.384294816887105,perto da média,perto da média,False,-0.650483672705894,perto da média,perto da média,True
AC072,1:1,1,1,432240005000083,432240005000083,Urbana,Uruguaiana,São Miguel,São Miguel — RUA SETE DE SETEMBRO,RUA SETE DE SETEMBRO,16.78891817042551,942.0,760.0,-182.0,-19.32059447983015,324.0,294.0,-30.0,-9.25925925925926,56.10843953360726,45.2679554623583,21.125265392781316,17.236842105263158,12.101910828025478,22.36842105263158,perda,perda,0,0,0,1.9932923703384557,1–2 km,SE,S (azimute 169°),-12.763413469745245,abaixo da média,abaixo da média,False,-20.709742931965152,muito abaixo da média,muito abaixo da média,False
AC073,1:1,1,1,432240005000084,432240005000084,Urbana,Uruguaiana,São Miguel,São Miguel — RUA CORONEL RODRIGUES PORTUGAL,RUA CORONEL RODRIGUES PORTUGAL,9.718610492104828,694.0,613.0,-81.0,-11.671469740634006,252.0,271.0,19.0,7.5396825396825395,71.4093851753591,63.07486039264428,17.002881844380404,13.866231647634583,15.706051873198847,21.533442088091356,perda,perda,0,0,0,1.8932184357446036,1–2 km,SE,S (azimute 179°),-5.114288730549101,abaixo da média,perto da média,False,-3.910801133023355,perto da média,perto da média,True
AC074,1:1,1,1,432240005000085,432240005000085,Urbana,Uruguaiana,Nova Esperança,Nova Esperança — RUA IRIS FERRARI VALLS,RUA IRIS FERRARI VALLS,11.877783755830693,944.0,865.0,-79.0,-8.36864406779661,279.0,304.0,25.0,8.960573476702509,79.47610593067071,72.82503350638788,23.728813559322035,17.91907514450867,12.711864406779661,18.959537572254334,perda,estável,0,0,0,1.9988866082884886,1–2 km,SO,S (azimute 199°),-1.8114630577117063,perto da média,perto da média,False,-2.489910196003386,perto da média,perto da média,True
AC075,1:1,1,1,432240005000086,432240005000086,Urbana,Uruguaiana,Nova Esperança,Nova Esperança — RUA MARECHAL DEODORO,RUA MARECHAL DEODORO,14.135307369436292,993.0,888.0,-105.0,-10.574018126888218,293.0,315.0,22.0,7.508532423208191,70.2496220313602,62.82141426369372,24.97482376636455,21.95945945945946,12.890231621349447,17.117117117117118,perda,perda,0,0,0,2.084636910188859,2–3 km,SO,SO (azimute 207°),-4.0168371168033135,perto da média,perto da média,False,-3.941951249497704,perto da média,perto da média,True
AC076,1:1,1,1,432240005000087,432240005000087,Urbana,Uruguaiana,Nova Esperança,Nova Esperança — RUA EUSTAQUIO ORMAZABAL,RUA EUSTAQUIO ORMAZABAL,11.71642352878331,871.0,914.0,43.0,4.936854190585533,266.0,330.0,64.0,24.06015037593985,74.34009174047405,78.01015367484878,21.699196326061998,19.36542669584245,12.055109070034444,18.599562363238512,estável,estável,0,0,0,1.7427240065543994,1–2 km,SO,SO (azimute 211°),11.494035200670439,acima da média,acima da média,True,12.609666703233954,acima da média,acima da média,True
AC077,1:1,1,1,432240005000088,432240005000088,Urbana,Uruguaiana,Nova Esperança,Nova Esperança — RUA PRADO LIMA,RUA PRADO LIMA,9.614533583280664,931.0,686.0,-245.0,-26.31578947368421,259.0,240.0,-19.0,-7.335907335907336,96.83257039311572,71.35031502650631,27.28249194414608,21.428571428571427,14.39312567132116,20.845481049562682,perda forte,perda forte,0,0,0,1.4906600721190792,1–2 km,SO,SO (azimute 216°),-19.758608463599305,muito abaixo da média,abaixo da média,False,-18.78639100861323,muito abaixo da média,abaixo da média,False
AC078,1:1,1,1,432240005000089,432240005000089,Urbana,Uruguaiana,Nova Esperança,Nova Esperança — RUA GENERAL CANABARRO,RUA GENERAL CANABARRO,9.497964702713633,889.0,752.0,-137.0,-15.410573678290215,238.0,266.0,28.0,11.764705882352942,93.59900018853584,79.17485730233852,23.847019122609673,17.28723404255319,11.811023622047244,21.409574468085108,perda,perda,0,0,0,1.2846915683722444,1–2 km,SO,SO (azimute 228°),-8.85339266820531,abaixo da média,perto da média,False,0.3142222096470473,perto da média,perto da média,True
AC079,1:1,1,1,432240005000090,432240005000090,Urbana,Uruguaiana,Nova Esperança,Nova Esperança — RUA GENERAL CANABARRO,RUA GENERAL CANABARRO,12.010542625326881,766.0,616.0,-150.0,-19.5822454308094,223.0,228.0,5.0,2.242152466367713,63.77730165036173,51.288273912040246,21.01827676240209,15.909090909090908,15.796344647519582,25.974025974025974,perda,perda,0,0,0,1.0587371599579893,1–2 km,SO,SO (azimute 214°),-13.025064420724497,abaixo da média,abaixo da média,False,-9.208331206338181,abaixo da média,perto da média,True
AC080,1:1,1,1,432240005000091,432240005000091,Urbana,Uruguaiana,Nova Esperança,Nova Esperança — RUA PRADO LIMA,RUA PRADO LIMA,11.887141348169436,970.0,851.0,-119.0,-12.268041237113403,276.0,326.0,50.0,18.115942028985508,81.60077949686158,71.58996221838062,22.061855670103093,15.863689776733255,14.536082474226804,19.74148061104583,perda,perda,0,0,0,1.2682650595242457,1–2 km,SO,SO (azimute 205°),-5.7108602270284985,abaixo da média,perto da média,False,6.665458356279613,acima da média,perto da média,True
AC081,1:1,1,1,432240005000092,432240005000092,Urbana,Uruguaiana,Nova Esperança,Nova Esperança — RUA GENERAL VITORINO,RUA GENERAL VITORINO,11.901848451560497,1009.0,810.0,-199.0,-19.722497522299307,302.0,303.0,1.0,0.33112582781456956,84.77674741923857,68.0566555099933,23.587710604558968,17.037037037037038,13.478691774033697,22.22222222222222,perda,perda,0,0,0,1.551944326407971,1–2 km,SO,S (azimute 200°),-13.165316512214403,abaixo da média,abaixo da média,False,-11.119357844891326,abaixo da média,abaixo da média,True
AC082,1:1,1,1,432240005000093,432240005000093,Urbana,Uruguaiana,Nova Esperança,Nova Esperança — TRAVESSA MONSENHOR ESTANISLAU WOLSKI,TRAVESSA MONSENHOR ESTANISLAU WOLSKI,9.65857368377943,816.0,681.0,-135.0,-16.544117647058822,252.0,251.0,-1.0,-0.3968253968253968,84.48452398001447,70.50730493920325,23.16176470588235,15.565345080763583,11.029411764705882,20.704845814977972,perda,perda,0,0,0,1.8713550215268522,1–2 km,SO,S (azimute 193°),-9.986936636973919,abaixo da média,perto da média,False,-11.847309069531292,abaixo da média,abaixo da média,False
AC083,1:1,1,1,432240005000094,432240005000094,Urbana,Uruguaiana,Alexandre Zachia,Alexandre Zachia — RUA GENERAL ESTILAC LEAL,RUA GENERAL ESTILAC LEAL,28.793549832259828,1407.0,1340.0,-67.0,-4.761904761904762,419.0,473.0,54.0,12.88782816229117,48.86511070002282,46.538200666688404,27.931769722814497,20.37313432835821,7.604832977967306,15.074626865671641,estável,estável,0,0,0,2.4064694397483066,2–3 km,SO,S (azimute 198°),1.7952762481801425,perto da média,perto da média,False,1.437344489585275,perto da média,perto da média,True
AC084,1:1,1,1,432240005000095,432240005000095,Urbana,Uruguaiana,Alexandre Zachia,Alexandre Zachia — RUA CEL FLODOARDO M DA SILVA,RUA CEL FLODOARDO M DA SILVA,14.603656773804381,1081.0,917.0,-164.0,-15.17113783533765,351.0,336.0,-15.0,-4.273504273504273,74.02255590798782,62.792491921947125,20.53654024051804,14.721919302071974,17.298797409805736,24.10032715376227,perda,perda,0,0,0,2.433959683960676,2–3 km,SO,S (azimute 189°),-8.613956825252746,abaixo da média,perto da média,False,-15.723987946210169,muito abaixo da média,abaixo da média,False
AC085,1:1,1,1,432240005000096,432240005000096,Urbana,Uruguaiana,Rio Branco,Rio Branco — RUA DOUTOR ADIR MACHADO MASCIA,RUA DOUTOR ADIR MACHADO MASCIA,11.876544963443168,859.0,734.0,-125.0,-14.551804423748544,266.0,260.0,-6.0,-2.255639097744361,72.3274321483278,61.80248567738371,24.09778812572759,20.435967302452315,8.614668218859139,16.212534059945504,perda,perda,0,0,0,2.8450062698144567,2–3 km,SO,S (azimute 198°),-7.99462341366364,abaixo da média,perto da média,False,-13.706122770450255,abaixo da média,abaixo da média,False
AC086,1:1,1,1,432240005000097,432240005000097,Urbana,Uruguaiana,Rio Branco,Rio Branco — RUA TREZE DE MAIO,RUA TREZE DE MAIO,11.383754613265753,783.0,724.0,-59.0,-7.535121328224776,250.0,275.0,25.0,10.0,68.78222753392383,63.59940323698704,19.029374201787995,16.022099447513813,11.494252873563218,18.23204419889503,perda,estável,0,0,0,2.734052612007861,2–3 km,SO,S (azimute 187°),-0.977940318139872,perto da média,perto da média,False,-1.4504836727058947,perto da média,perto da média,True
AC087,1:1,1,1,432240005000098,432240005000098,Urbana,Uruguaiana,Rio Branco,Rio Branco — RUA DOUTOR ADIR MACHADO MASCIA,RUA DOUTOR ADIR MACHADO MASCIA,136.27879998035027,943.0,799.0,-144.0,-15.270413573700955,264.0,260.0,-4.0,-1.5151515151515151,6.919638271954031,5.862980890022556,28.419936373276776,23.028785982478098,7.52916224814422,16.64580725907384,perda,perda,0,0,0,3.8245506825315987,3–5 km,SO,S (azimute 191°),-8.71323256361605,abaixo da média,perto da média,False,-12.96563518785741,abaixo da média,abaixo da média,False
AC088,1:1,1,1,432240005000100,432240005000100,Urbana,Uruguaiana,Tabajara Brites,Tabajara Brites — RUA CANAFISTULA,RUA CANAFISTULA,8.73331202807542,987.0,774.0,-213.0,-21.580547112462007,229.0,231.0,2.0,0.8733624454148472,113.0155428807583,88.62617040497156,34.04255319148936,24.41860465116279,4.964539007092198,10.723514211886306,perda forte,perda forte,0,0,0,3.7830796472987362,3–5 km,SO,SO (azimute 208°),-15.023366102377103,muito abaixo da média,abaixo da média,False,-10.577121227291048,abaixo da média,abaixo da média,True
AC089,1:1,1,1,432240005000103,432240005000103,Urbana,Uruguaiana,Cabo Luiz Quevedo,Cabo Luiz Quevedo — RUA DOUTOR BORGES DA COSTA,RUA DOUTOR BORGES DA COSTA,33.890688003320115,1178.0,1224.0,46.0,3.904923599320883,316.0,393.0,77.0,24.367088607594937,34.75881044033679,36.11611543206471,29.62648556876061,23.937908496732025,8.149405772495756,11.19281045751634,estável,estável,0,0,0,2.59647496574204,2–3 km,SO,SO (azimute 222°),10.462104609405788,acima da média,acima da média,True,12.916604934889042,acima da média,acima da média,True
AC090,1:1,1,1,432240005000105,432240005000105,Urbana,Uruguaiana,Cabo Luiz Quevedo,Cabo Luiz Quevedo — RUA SENADOR SALGADO FILHO,RUA SENADOR SALGADO FILHO,17.033494608615136,1180.0,1018.0,-162.0,-13.728813559322035,311.0,351.0,40.0,12.861736334405144,69.27527363663732,59.76460047635321,28.220338983050848,20.726915520628683,8.305084745762711,14.44007858546169,perda,perda,0,0,0,2.792112659515151,2–3 km,SO,SO (azimute 208°),-7.17163254923713,abaixo da média,perto da média,False,1.4112526616992493,perto da média,perto da média,True
AC091,1:1,1,1,432240005000106,432240005000106,Urbana,Uruguaiana,Cabo Luiz Quevedo,Cabo Luiz Quevedo — RUA DOUTOR ADIR MACHADO MASCIA,RUA DOUTOR ADIR MACHADO MASCIA,16.514876172765465,1383.0,1175.0,-208.0,-15.039768618944324,395.0,402.0,7.0,1.7721518987341771,83.74268057066591,71.14797517753611,29.42877801879971,19.48936170212766,8.459869848156183,17.02127659574468,perda,perda,0,0,0,3.094510557133876,3–5 km,SO,SO (azimute 207°),-8.482587608859419,abaixo da média,perto da média,False,-9.678331773971717,abaixo da média,perto da média,True
AC092,1:1,1,1,432240005000107,432240005000107,Urbana,Uruguaiana,Cabo Luiz Quevedo,Cabo Luiz Quevedo — RUA DOUTOR BORGES DA COSTA,RUA DOUTOR BORGES DA COSTA,14.44171622654027,1056.0,933.0,-123.0,-11.647727272727273,306.0,305.0,-1.0,-0.32679738562091504,73.12150325037793,64.60450997405549,29.545454545454547,22.186495176848876,8.333333333333334,15.64844587352626,perda,perda,0,0,0,3.0234456560825946,3–5 km,SO,SO (azimute 214°),-5.090546262642369,abaixo da média,perto da média,False,-11.77728105832681,abaixo da média,abaixo da média,False
AC093,1:1,1,1,432240005000108,432240005000108,Urbana,Uruguaiana,Cabo Luiz Quevedo,Cabo Luiz Quevedo — RUA MONTEIRO LOBATO,RUA MONTEIRO LOBATO,16.651418580381172,1315.0,1208.0,-107.0,-8.136882129277566,361.0,377.0,16.0,4.43213296398892,78.97225054142493,72.5463716000314,33.536121673003805,24.337748344370862,6.996197718631179,11.341059602649006,perda,estável,0,0,0,3.2380639488201948,3–5 km,SO,SO (azimute 218°),-1.579701119192662,perto da média,perto da média,False,-7.018350708716975,abaixo da média,perto da média,True
AC094,1:1,1,1,432240005000112,432240005000112,Urbana,Uruguaiana,Bela Vista,Bela Vista — RUA EUSTAQUIO ORMAZABAL,RUA EUSTAQUIO ORMAZABAL,45.85643981203021,1014.0,935.0,-79.0,-7.790927021696253,299.0,328.0,29.0,9.698996655518394,22.112488543735182,20.389720698611832,25.2465483234714,18.39572192513369,12.919132149901381,22.352941176470587,perda,estável,0,0,0,1.294482204153146,1–2 km,NO,O (azimute 271°),-1.2337460116113483,perto da média,perto da média,False,-1.7514870171875003,perto da média,perto da média,True
AC095,1:1,1,1,432240005000113,432240005000113,Urbana,Uruguaiana,Bela Vista,Bela Vista — RUA IRIS FERRARI VALLS,RUA IRIS FERRARI VALLS,74.2098264544154,958.0,816.0,-142.0,-14.822546972860126,298.0,305.0,7.0,2.348993288590604,12.909341603008155,10.995848380015298,23.068893528183715,17.769607843137255,14.405010438413361,22.30392156862745,perda,perda,0,0,0,1.088427231863922,1–2 km,NO,NO (azimute 297°),-8.26536596277522,abaixo da média,perto da média,False,-9.10149038411529,abaixo da média,perto da média,True
AC096,1:1,1,1,432240005000114,432240005000114,Urbana,Uruguaiana,Bela Vista,Bela Vista — RUA GENERAL VITORINO,RUA GENERAL VITORINO,11.74595879338309,842.0,775.0,-67.0,-7.957244655581948,313.0,322.0,9.0,2.8753993610223643,71.68422900260198,65.98013952139732,17.81472684085511,15.225806451612904,14.964370546318289,23.741935483870968,perda,estável,0,0,0,0.6498282594300465,0–1 km,SO,SO (azimute 241°),-1.4000636454970437,perto da média,perto da média,False,-8.575084311683531,abaixo da média,perto da média,True
AC097,1:1,1,1,432240005000115,432240005000115,Urbana,Uruguaiana,Bela Vista,Bela Vista — RUA EUSTAQUIO ORMAZABAL,RUA EUSTAQUIO ORMAZABAL,9.839440010556746,756.0,668.0,-88.0,-11.640211640211641,268.0,272.0,4.0,1.492537313432836,76.83364085648033,67.89004244990589,18.915343915343914,14.820359281437126,17.724867724867725,27.24550898203593,perda,perda,0,0,0,0.9167420580660589,0–1 km,SO,SO (azimute 236°),-5.0830306301267365,abaixo da média,perto da média,False,-9.957946359273059,abaixo da média,perto da média,True
AC098,1:1,1,1,432240005000116,432240005000116,Urbana,Uruguaiana,Bela Vista,Bela Vista — AVENIDA PRESIDENTE GETULIO VARGAS,AVENIDA PRESIDENTE GETULIO VARGAS,11.668511395252077,578.0,482.0,-96.0,-16.608996539792386,208.0,202.0,-6.0,-2.8846153846153846,49.535024684912976,41.30775414901048,16.782006920415224,11.618257261410788,16.43598615916955,28.630705394190873,perda,perda,0,0,0,1.0657102578515567,1–2 km,SO,SO (azimute 245°),-10.051815529707483,abaixo da média,abaixo da média,False,-14.33509905732128,abaixo da média,abaixo da média,False
AC099,1:1,1,1,432240005000117,432240005000117,Urbana,Uruguaiana,São Miguel,São Miguel,,0.13850691432508383,104.0,82.0,-22.0,-21.153846153846153,0.0,0.0,0.0,,750.865041696806,592.0282059532509,0.0,,0.0,,perda forte,perda forte,0,1,1,1.2678524616081355,1–2 km,SE,S (azimute 167°),-14.59666514376125,abaixo da média,abaixo da média,False,,,,
AC100,1:1,1,1,432240005000118,432240005000118,Urbana,Uruguaiana,Bela Vista,Bela Vista,,0.3298567707267093,35.0,34.0,-1.0,-2.857142857142857,0.0,0.0,0.0,,106.10665933244694,103.07504049437702,0.0,,100.0,,estável,estável,0,1,1,1.2039477288521085,1–2 km,SO,SO (azimute 244°),3.700038152942047,perto da média,perto da média,False,,,,
AC101,1:1,1,1,432240005000120,432240005000120,Rural,Uruguaiana,,distrito Uruguaiana — RODOVIA BR 472,RODOVIA BR 472,25742.131868967535,503.0,537.0,34.0,6.759443339960239,172.0,210.0,38.0,22.093023255813954,0.019539951180437113,0.02086074310913465,24.254473161033797,17.690875232774673,15.506958250497018,19.925512104283055,ganho,estável,0,0,0,24.58716644717995,> 10 km,NE,L (azimute 85°),13.316624350045142,acima da média,acima da média,True,10.642539583108059,acima da média,acima da média,True
AC102,1:1,1,1,432240005000121,432240005000121,Rural,Uruguaiana,,distrito Uruguaiana — RODOVIA BR 290,RODOVIA BR 290,22574.439367832838,398.0,385.0,-13.0,-3.2663316582914574,140.0,150.0,10.0,7.142857142857143,0.01763055965709275,0.01705468710547917,26.633165829145728,17.142857142857142,10.050251256281408,18.181818181818183,estável,estável,0,0,0,22.032397830834846,> 10 km,SE,L (azimute 108°),3.290849351793447,perto da média,perto da média,False,-4.3076265298487515,perto da média,perto da média,True
AC103,1:1,1,1,432240005000122,432240005000122,Rural,Uruguaiana,,distrito Uruguaiana — RODOVIA BR 290,RODOVIA BR 290,24443.693808566128,249.0,216.0,-33.0,-13.25301204819277,79.0,89.0,10.0,12.658227848101266,0.010186676447106354,0.008836634990260933,29.718875502008032,20.833333333333332,5.622489959839357,12.037037037037036,perda,perda,0,0,0,28.979606408346356,> 10 km,SE,SE (azimute 127°),-6.695831038107866,abaixo da média,perto da média,False,1.207744175395371,perto da média,perto da média,True
AC104,1:1,1,1,432240005000123,432240005000123,Rural,Uruguaiana,,distrito Uruguaiana — ESTRADA UR 303,ESTRADA UR 303,43791.01915840045,250.0,355.0,105.0,42.0,78.0,138.0,60.0,76.92307692307692,0.005708933128404764,0.008106685042334763,27.2,21.408450704225352,5.6,10.422535211267606,ganho forte,ganho forte,0,0,0,30.732511139915218,> 10 km,SE,S (azimute 164°),48.5571810100849,muito acima da média,muito acima da média,True,65.47259325037102,muito acima da média,muito acima da média,True
AC105,1:1,1,1,432240005000124,432240005000124,Rural,Uruguaiana,,distrito Uruguaiana — RODOVIA BR 472,RODOVIA BR 472,32992.83127592202,619.0,590.0,-29.0,-4.684975767366721,181.0,220.0,39.0,21.54696132596685,0.018761651427343328,0.017882672604414483,27.30210016155089,22.203389830508474,5.654281098546042,16.10169491525424,estável,estável,0,0,0,17.562701254643823,> 10 km,SE,S (azimute 179°),1.8722052427181834,perto da média,perto da média,False,10.096477653260957,acima da média,acima da média,True
AC106,1:1,1,1,432240005000125,432240005000125,Rural,Uruguaiana,,distrito Uruguaiana — CAMINHO SANTANA VELHA,CAMINHO SANTANA VELHA,36377.61576601548,459.0,388.0,-71.0,-15.468409586056644,143.0,144.0,1.0,0.6993006993006993,0.012617649352072291,0.010665899670161327,32.24400871459695,25.257731958762886,6.318082788671024,11.855670103092784,perda,perda,0,0,0,18.547884786422333,> 10 km,SO,SO (azimute 223°),-8.911228575971741,abaixo da média,perto da média,False,-10.751182973405195,abaixo da média,abaixo da média,True
AC107,1:1,1,1,432240005000126,432240005000126,Rural,Uruguaiana,,distrito Uruguaiana,,17.42803448542835,436.0,310.0,-126.0,-28.89908256880734,0.0,0.0,0.0,,25.017164176748754,17.787433244936043,0.0,,1.3761467889908257,,perda forte,perda forte,0,1,1,10.565275625868896,> 10 km,SO,S (azimute 182°),-22.341901558722437,muito abaixo da média,muito abaixo da média,False,,,,
AC108,1:3,1,3,432240005000099,432240005000128;432240005000151;432240005000158,Urbana,Uruguaiana,Tabajara Brites,Tabajara Brites — RUA PITANGUEIRA,RUA PITANGUEIRA,10.588226032644595,1125.0,1006.0,-119.0,-10.577777777777778,277.0,315.0,38.0,13.71841155234657,106.25009293639073,95.01119421689695,30.933333333333334,24.45328031809145,4.888888888888889,11.928429423459244,perda,perda,0,0,0,3.7419369443982586,3–5 km,SO,SO (azimute 205°),-4.020596767692873,perto da média,perto da média,False,2.267927879640675,perto da média,perto da média,True
AC109,1:6,1,6,432240005000102,432240005000129;432240005000130;432240005000131;432240005000132;432240005000133;432240005000134,Urbana,Uruguaiana,Tabajara Brites,Tabajara Brites — RUA ALBERTINO PIRES,RUA ALBERTINO PIRES,522.4681348953724,2362.0,6002.0,3640.0,154.10668924640134,627.0,1829.0,1202.0,191.70653907496012,4.520849870534221,11.48778193181473,36.15580016934801,30.15661446184605,5.038103302286198,9.196934355214928,ganho forte,ganho forte,0,0,0,4.78518843118947,3–5 km,SO,SO (azimute 218°),160.66387025648626,muito acima da média,muito acima da média,True,180.25605540225422,muito acima da média,muito acima da média,True
AC110,1:2,1,2,432240005000053,432240005000135;432240005000136,Urbana,Uruguaiana,Salso de Baixo,Salso de Baixo — RUA LOTEAMENTO VILA NOVA B,RUA LOTEAMENTO VILA NOVA B,279.9160851744042,369.0,719.0,350.0,94.8509485094851,105.0,227.0,122.0,116.19047619047619,1.3182522175175866,2.5686269495803384,33.06233062330623,29.20723226703755,7.046070460704607,10.013908205841446,ganho forte,ganho forte,0,0,0,4.1560289990104495,3–5 km,SE,S (azimute 170°),101.40812951957,muito acima da média,muito acima da média,True,104.73999251777029,muito acima da média,muito acima da média,True
AC111,1:2,1,2,432240005000111,432240005000137;432240005000138,Urbana,Uruguaiana,Bela Vista,Bela Vista — RUA CABO LUIZ QUEVEDO,RUA CABO LUIZ QUEVEDO,76.48267058562831,925.0,794.0,-131.0,-14.162162162162161,254.0,264.0,10.0,3.937007874015748,12.094242956179079,10.381436656439123,27.45945945945946,19.143576826196472,13.72972972972973,22.418136020151135,perda,perda,0,0,0,1.7829390483331424,1–2 km,SO,O (azimute 260°),-7.604981152077257,abaixo da média,perto da média,False,-7.513475798690147,abaixo da média,perto da média,True
AC112,1:3,1,3,432240005000110,432240005000139;432240005000167;432240005000168,Urbana,Uruguaiana,Francisca Tarragô,Francisca Tarragô — RUA MARECHAL FLORIANO,RUA MARECHAL FLORIANO,249.03011831960188,1699.0,1570.0,-129.0,-7.5927015891701,472.0,481.0,9.0,1.9067796610169492,6.822467946706456,6.304458314496254,32.54855797527958,23.312101910828027,6.827545615067687,12.929936305732484,perda,estável,0,0,0,2.514084609138116,2–3 km,SO,SO (azimute 245°),-1.0355205790851958,perto da média,perto da média,False,-9.543704011688945,abaixo da média,perto da média,True
AC113,1:3,1,3,432240005000045,432240005000142;432240005000163;432240005000164,Urbana,Uruguaiana,União das Vilas,União das Vilas — RUA V,RUA V,109.28543579879968,1520.0,1764.0,244.0,16.05263157894737,402.0,544.0,142.0,35.32338308457712,13.908532174391482,16.141217602385904,36.31578947368421,26.133786848072564,5.657894736842105,9.693877551020408,ganho,ganho,0,0,0,4.974789338498265,3–5 km,SE,SE (azimute 146°),22.609812589032273,muito acima da média,muito acima da média,True,23.872899411871224,muito acima da média,muito acima da média,True
AC114,1:3,1,3,432240005000046,432240005000143;432240005000165;432240005000166,Urbana,Uruguaiana,União das Vilas,União das Vilas — RUA SAO CRISTOVAO,RUA SAO CRISTOVAO,111.9433926842194,2145.0,2362.0,217.0,10.116550116550117,550.0,738.0,188.0,34.18181818181818,19.161470351812728,21.099950103021754,37.995337995338,30.99068585944115,5.268065268065268,8.21337849280271,ganho,ganho,0,0,0,4.778695358412385,3–5 km,SE,SE (azimute 155°),16.673731126635023,muito acima da média,acima da média,True,22.731334509112287,muito acima da média,muito acima da média,True
AC115,1:3,1,3,432240005000039,432240005000145;432240005000169;432240005000170,Urbana,Uruguaiana,Cidade Nova,Cidade Nova — RUA HERCULES ALAOR BOM,RUA HERCULES ALAOR BOM,30.62272767080408,1774.0,1994.0,220.0,12.401352874859075,473.0,626.0,153.0,32.346723044397464,57.93082899311233,65.11503551987936,31.623449830890642,26.37913741223671,5.52423900789177,9.42828485456369,ganho,ganho,0,0,0,2.711594748548944,2–3 km,SE,SE (azimute 117°),18.95853388494398,muito acima da média,acima da média,True,20.89623937169157,muito acima da média,muito acima da média,True
AC116,1:2,1,2,432240005000055,432240005000147;432240005000148,Urbana,Uruguaiana,Vila Júlia,Vila Júlia — RUA ERICO VERISSIMO,RUA ERICO VERISSIMO,130.9758193171213,1819.0,2321.0,502.0,27.59758108851017,514.0,743.0,229.0,44.552529182879375,13.888059715784639,17.72082825746902,28.80703683342496,23.007324429125376,7.641561297416163,12.451529513140887,ganho forte,ganho forte,0,0,0,3.039607262466244,3–5 km,SE,S (azimute 175°),34.15476209859508,muito acima da média,muito acima da média,True,33.10204551017348,muito acima da média,muito acima da média,True
AC117,1:3,1,3,432240005000119,432240005000149;432240005000179;432240005000180,Rural/Urbana,Uruguaiana,,distrito Uruguaiana — RODOVIA BR 472,RODOVIA BR 472,13443.534131229064,617.0,736.0,119.0,19.286871961102108,178.0,295.0,117.0,65.73033707865169,0.045895669544716015,0.05474750856549593,27.55267423014587,,10.85899513776337,,ganho,ganho,0,0,1,11.448032985907606,> 10 km,NE,NE (azimute 59°),25.84405297118701,muito acima da média,muito acima da média,True,54.279853405945794,muito acima da média,muito acima da média,True
AC118,1:2,1,2,432240005000109,432240005000152;432240005000153,Urbana,Uruguaiana,Cabo Luiz Quevedo,Cabo Luiz Quevedo — RUA ROBERTO KRAMER,RUA ROBERTO KRAMER,289.60969382658186,1362.0,1272.0,-90.0,-6.607929515418502,372.0,440.0,68.0,18.27956989247312,4.70288125374548,4.392118175304149,31.130690161527166,21.462264150943398,6.97503671071953,13.20754716981132,perda,estável,0,0,0,3.8687957632790315,3–5 km,SO,SO (azimute 238°),-0.05074850533359765,perto da média,perto da média,False,6.829086219767225,acima da média,perto da média,True
AC119,1:2,1,2,432240005000104,432240005000154;432240005000155,Urbana,Uruguaiana,Cabo Luiz Quevedo,Cabo Luiz Quevedo — RUA RODRIGUES PORTUGAL,RUA RODRIGUES PORTUGAL,24.19940594898124,1383.0,1110.0,-273.0,-19.739696312364426,366.0,366.0,0.0,0.0,57.150163227797016,45.86889456460932,34.201012292118584,26.936936936936938,6.652205350686913,11.17117117117117,perda,perda,0,0,0,2.3623937392212104,2–3 km,SO,SO (azimute 213°),-13.182515302279523,abaixo da média,abaixo da média,False,-11.450483672705895,abaixo da média,abaixo da média,False
AC120,1:2,1,2,432240005000101,432240005000156;432240005000157,Urbana,Uruguaiana,Tabajara Brites,Tabajara Brites — RUA EMILIO TAUCEDA,RUA EMILIO TAUCEDA,122.21352381197818,1175.0,956.0,-219.0,-18.638297872340427,287.0,315.0,28.0,9.75609756097561,9.614320603403124,7.822374890939051,32.340425531914896,23.326359832635983,6.468085106382978,13.702928870292887,perda,perda,0,0,0,4.262393439792024,3–5 km,SO,S (azimute 198°),-12.081116862255524,abaixo da média,abaixo da média,False,-1.6943861117302852,perto da média,perto da média,True
AC121,1:2,1,2,432240005000034,432240005000159;432240005000160,Urbana,Uruguaiana,Jóquei Clube,Jóquei Clube — RUA MIGUEL BARBARA,RUA MIGUEL BARBARA,267.4526178125524,868.0,916.0,48.0,5.529953917050691,243.0,310.0,67.0,27.57201646090535,3.245434675866022,3.4249057178493967,24.76958525345622,22.270742358078603,11.981566820276498,19.213973799126638,ganho,estável,0,0,0,2.396416843609109,2–3 km,NE,L (azimute 81°),12.087134927135596,acima da média,acima da média,True,16.121532788199453,muito acima da média,acima da média,True
AC122,1:2,1,2,432240005000035,432240005000161;432240005000162,Urbana,Uruguaiana,Jóquei Clube,Jóquei Clube — RUA PEDRO SURREAUX,RUA PEDRO SURREAUX,281.36440326873304,1182.0,1161.0,-21.0,-1.7766497461928934,324.0,371.0,47.0,14.506172839506172,4.200957854896321,4.126321547829635,31.895093062605753,26.959517657192077,7.021996615905246,10.766580534022394,estável,estável,0,0,0,3.8041855978809123,3–5 km,SE,L (azimute 91°),4.780531263892011,perto da média,perto da média,False,3.0556891668002777,perto da média,perto da média,True
AC123,1:2,1,2,432240005000069,432240005000171;432240005000172,Urbana,Uruguaiana,Cidade Alegria,Cidade Alegria — RUA JOSE GOMES DE SOUZA,RUA JOSE GOMES DE SOUZA,8.752695814210503,864.0,780.0,-84.0,-9.722222222222221,233.0,267.0,34.0,14.592274678111588,98.71244452449113,89.11540130683227,30.439814814814813,24.615384615384617,8.796296296296296,15.0,perda,estável,0,0,0,2.7152176916078776,2–3 km,SE,SE (azimute 126°),-3.165041212137317,perto da média,perto da média,False,3.1417910054056932,perto da média,perto da média,True
AC124,1:2,1,2,432240005000068,432240005000173;432240005000174,Urbana,Uruguaiana,Cidade Alegria,Cidade Alegria — RUA DOUTOR ROBERVAL BEHEREGARAY DE AZEVEDO,RUA DOUTOR ROBERVAL BEHEREGARAY DE AZEVEDO,11.668182265582054,1284.0,1050.0,-234.0,-18.22429906542056,342.0,337.0,-5.0,-1.4619883040935673,110.04284735827694,89.9883097556003,33.099688473520246,22.952380952380953,5.062305295950155,11.047619047619047,perda,perda,0,0,0,2.2709172834121607,2–3 km,SE,SE (azimute 128°),-11.667118055335656,abaixo da média,abaixo da média,False,-12.912471976799463,abaixo da média,abaixo da média,False
AC125,1:2,1,2,432240005000012,432240005000175;432240005000176,Urbana,Uruguaiana,Mascarenhas de Moraes,Mascarenhas de Moraes — RUA GENERAL PROPICIO,RUA GENERAL PROPICIO,42.23148050012847,1042.0,899.0,-143.0,-13.723608445297504,290.0,309.0,19.0,6.551724137931035,24.673537078503088,21.28743746024403,29.942418426103647,20.689655172413794,10.268714011516314,16.35150166852058,perda,perda,0,0,0,0.9826020011584632,0–1 km,NE,N (azimute 13°),-7.1664274352126,abaixo da média,perto da média,False,-4.89875953477486,perto da média,perto da média,True
AC126,1:2,1,2,432240005000016,432240005000177;432240005000178,Urbana,Uruguaiana,Santo Antônio,Santo Antônio — RUA MONTE CASEROS,RUA MONTE CASEROS,18.23057731452421,884.0,715.0,-169.0,-19.11764705882353,251.0,239.0,-12.0,-4.780876494023905,48.48996193311561,39.21982215178468,30.316742081447963,27.692307692307693,9.389140271493213,,perda,perda,0,0,1,1.3472139848878175,1–2 km,NE,L (azimute 77°),-12.560466048738625,abaixo da média,abaixo da média,False,-16.2313601667298,muito abaixo da média,abaixo da média,False
AC127,1:1,1,1,432240020000001,432240020000001,Urbana,João Arregui,,distrito João Arregui — RUA JOAO ROSSI,RUA JOAO ROSSI,12.029230317168684,189.0,158.0,-31.0,-16.402116402116402,63.0,63.0,0.0,0.0,15.711728432886542,13.13467244654007,22.75132275132275,16.455696202531644,17.46031746031746,28.481012658227847,perda,perda,0,0,0,49.98292418591226,> 10 km,NE,NE (azimute 52°),-9.844935392031498,abaixo da média,perto da média,False,-11.450483672705895,abaixo da média,abaixo da média,False
AC128,1:1,1,1,432240020000002,432240020000002,Rural,João Arregui,,distrito João Arregui — ESTRADA UR 201,ESTRADA UR 201,22338.677098310694,389.0,311.0,-78.0,-20.051413881748072,127.0,122.0,-5.0,-3.937007874015748,0.017413743808017045,0.01392204196476427,24.164524421593832,21.221864951768488,14.138817480719794,20.578778135048232,perda forte,perda forte,0,0,0,52.111592266031224,> 10 km,NE,NE (azimute 52°),-13.494232871663169,abaixo da média,abaixo da média,False,-15.387491546721643,muito abaixo da média,abaixo da média,False
AC129,1:1,1,1,432240020000003,432240020000003,Rural,João Arregui,,distrito João Arregui — ESTRADA BR 472 APOS BRETE ADOLFO STER,ESTRADA BR 472 APOS BRETE ADOLFO STER,32785.279087477014,312.0,226.0,-86.0,-27.564102564102566,102.0,88.0,-14.0,-13.72549019607843,0.009516466191046536,0.006893337689668324,24.67948717948718,17.699115044247787,9.615384615384615,15.929203539823009,perda forte,perda forte,0,0,0,49.9379772737998,> 10 km,NE,NE (azimute 66°),-21.006921554017662,muito abaixo da média,muito abaixo da média,False,-25.175973868784325,muito abaixo da média,muito abaixo da média,False
AC130,1:1,1,1,432240025000001,432240025000001,Urbana,Plano Alto,,distrito Plano Alto — RUA GENTIL POLANO,RUA GENTIL POLANO,89.07939155838974,415.0,334.0,-81.0,-19.518072289156628,140.0,129.0,-11.0,-7.857142857142857,4.658765543183755,3.7494643166828294,27.710843373493976,17.664670658682635,11.566265060240964,26.646706586826348,perda,perda,0,0,0,54.412494191617675,> 10 km,SE,L (azimute 91°),-12.960891279071724,abaixo da média,abaixo da média,False,-19.30762652984875,muito abaixo da média,abaixo da média,False
AC131,1:1,1,1,432240025000002,432240025000002,Rural,Plano Alto,,distrito Plano Alto — ESTRADA UR 101,ESTRADA UR 101,34958.09440809837,265.0,215.0,-50.0,-18.867924528301888,93.0,87.0,-6.0,-6.451612903225806,0.00758050472964597,0.006150220818392013,25.660377358490567,26.046511627906977,4.90566037735849,9.30232558139535,perda,perda,0,0,0,62.605771931574864,> 10 km,NE,L (azimute 80°),-12.310743518216984,abaixo da média,abaixo da média,False,-17.9020965759317,muito abaixo da média,abaixo da média,False
AC132,1:1,1,1,432240025000003,432240025000003,Rural,Plano Alto,,distrito Plano Alto — ESTRADA UR 205,ESTRADA UR 205,32095.255374323267,135.0,153.0,18.0,13.333333333333334,49.0,68.0,19.0,38.775510204081634,0.004206229189502016,0.0047670597481022856,20.74074074074074,18.30065359477124,8.88888888888889,7.8431372549019605,ganho,ganho,0,0,0,65.46676019993188,> 10 km,SE,L (azimute 101°),19.89051434341824,muito acima da média,acima da média,True,27.32502653137574,muito acima da média,muito acima da média,True
AC133,1:1,1,1,432240025000004,432240025000004,Rural,Plano Alto,,distrito Plano Alto — ESTRADA UR 204,ESTRADA UR 204,24568.843530519927,218.0,227.0,9.0,4.128440366972477,74.0,99.0,25.0,33.78378378378378,0.008873026511369812,0.009239344119637373,26.146788990825687,18.502202643171806,9.63302752293578,11.45374449339207,estável,estável,0,0,0,44.674239665197355,> 10 km,SE,L (azimute 104°),10.68562137705738,acima da média,acima da média,True,22.33330011107789,muito acima da média,muito acima da média,True
AC134,1:1,1,1,432240025000005,432240025000005,Rural,Plano Alto,,distrito Plano Alto — ESTRADA UR 204,ESTRADA UR 204,24371.94154228441,215.0,163.0,-52.0,-24.186046511627907,76.0,67.0,-9.0,-11.842105263157896,0.008821619714907941,0.006688018667581369,26.046511627906977,23.312883435582823,10.69767441860465,15.337423312883436,perda forte,perda forte,0,0,0,47.115906508577304,> 10 km,NE,L (azimute 88°),-17.628865501543004,muito abaixo da média,abaixo da média,False,-23.29258893586379,muito abaixo da média,muito abaixo da média,False
AC135,1:1,1,1,432240025000006,432240025000006,Rural,Plano Alto,,distrito Plano Alto — ESTRADA UR 101,ESTRADA UR 101,22680.489797747607,204.0,180.0,-24.0,-11.764705882352942,67.0,82.0,15.0,22.388059701492537,0.00899451474898303,0.007936336543220322,26.470588235294116,16.666666666666668,6.862745098039215,17.77777777777778,perda,perda,0,0,0,62.514347317764916,> 10 km,SE,L (azimute 111°),-5.207524872268038,abaixo da média,perto da média,False,10.937576028786642,acima da média,acima da média,True
AC136,1:1,1,1,432240030000001,432240030000001,Urbana,São Marcos,,distrito São Marcos — AVENIDA JOSE DO PATROCINIO,AVENIDA JOSE DO PATROCINIO,164.51098753965584,522.0,440.0,-82.0,-15.708812260536398,185.0,192.0,7.0,3.7837837837837838,3.1730403409934573,2.674593390875711,26.436781609195403,12.954545454545455,21.64750957854406,37.95454545454545,perda,perda,0,0,0,35.693095022984956,> 10 km,NE,NE (azimute 41°),-9.151631250451494,abaixo da média,perto da média,False,-7.6666998889221105,abaixo da média,perto da média,True
AC137,1:2,1,2,432240030000002,432240030000002;432240030000009,Rural/Urbana,São Marcos,,distrito São Marcos — RUA PEDRO COMIS,RUA PEDRO COMIS,3900.846371017995,226.0,156.0,-70.0,-30.97345132743363,75.0,57.0,-18.0,-24.0,0.05793614475030487,0.0399913211550777,23.893805309734514,,11.504424778761061,28.205128205128204,perda forte,perda forte,0,0,1,39.52834519257559,> 10 km,NE,NE (azimute 47°),-24.416270317348726,muito abaixo da média,muito abaixo da média,False,-35.45048367270589,muito abaixo da média,muito abaixo da média,False
AC138,1:1,1,1,432240030000003,432240030000003,Rural,São Marcos,,distrito São Marcos — ESTRADA UR 300,ESTRADA UR 300,15398.625829784685,229.0,188.0,-41.0,-17.903930131004365,74.0,69.0,-5.0,-6.756756756756757,0.014871456877473984,0.0122088816286686,27.94759825327511,19.680851063829788,10.91703056768559,20.74468085106383,perda,perda,0,0,0,32.96997744051437,> 10 km,NE,NE (azimute 57°),-11.346749120919462,abaixo da média,abaixo da média,False,-18.20724042946265,muito abaixo da média,abaixo da média,False
AC139,1:1,1,1,432240030000004,432240030000004,Rural,São Marcos,,distrito São Marcos — ESTRADA UR 300,ESTRADA UR 300,17492.140966935585,130.0,159.0,29.0,22.307692307692307,44.0,53.0,9.0,20.454545454545453,0.007431909006778057,0.009089796400597776,26.153846153846153,24.528301886792452,1.5384615384615385,8.176100628930818,ganho forte,ganho forte,0,0,0,36.545609688740484,> 10 km,NE,L (azimute 73°),28.86487331777721,muito acima da média,muito acima da média,True,9.004061781839559,acima da média,perto da média,True
AC140,1:1,1,1,432240030000006,432240030000006,Urbana,São Marcos,,distrito São Marcos — RUA IDALINA DA COSTA PEREIRA,RUA IDALINA DA COSTA PEREIRA,126.5323616172174,789.0,575.0,-214.0,-27.122940430925222,253.0,228.0,-25.0,-9.881422924901186,6.235558950419842,4.544292010762242,23.32065906210393,15.130434782608695,16.85678073510773,31.47826086956522,perda forte,perda forte,0,0,0,35.57843100509992,> 10 km,NE,NE (azimute 48°),-20.56575942084032,muito abaixo da média,muito abaixo da média,False,-21.33190659760708,muito abaixo da média,muito abaixo da média,False
AC141,1:1,1,1,432240030000007,432240030000007,Urbana,São Marcos,,distrito São Marcos — RUA MALVINA AMELIA KRUGER,RUA MALVINA AMELIA KRUGER,74.04208958730995,512.0,409.0,-103.0,-20.1171875,157.0,168.0,11.0,7.006369426751593,6.9149858256803105,5.52388516152978,32.03125,18.581907090464547,14.6484375,27.628361858190708,perda forte,perda forte,0,0,0,35.475007799215305,> 10 km,NE,NE (azimute 49°),-13.560006489915096,abaixo da média,abaixo da média,False,-4.444114245954302,perto da média,perto da média,True
AC142,2:1,2,1,432240030000005;432240030000008,432240030000010,Rural,São Marcos,,distrito São Marcos — RODOVIA BR 472,RODOVIA BR 472,12352.796136894794,179.0,116.0,-63.0,-35.19553072625698,53.0,42.0,-11.0,-20.754716981132077,0.014490646329487345,0.009390586448159396,25.69832402234637,24.137931034482758,7.262569832402234,12.068965517241379,perda forte,perda forte,1,0,0,26.197484722730334,> 10 km,NE,NE (azimute 44°),-28.63834971617208,muito abaixo da média,muito abaixo da média,False,-32.20520065383797,muito abaixo da média,muito abaixo da média,False
AC143,1:1,1,1,432240035000002,432240035000002,Rural,Vertentes,,distrito Vertentes — VICINAL 183,VICINAL 183,22445.725842427342,67.0,61.0,-6.0,-8.955223880597014,30.0,22.0,-8.0,-26.666666666666668,0.002984978096513828,0.0027176666251842313,17.91044776119403,,19.402985074626866,,perda,estável,0,0,1,81.20436871133566,> 10 km,SE,SE (azimute 115°),-2.3980428705121097,perto da média,perto da média,False,-38.117150339372564,muito abaixo da média,muito abaixo da média,False
AC144,1:1,1,1,432240035000003,432240035000003,Rural,Vertentes,,distrito Vertentes — RODOVIA BR 290,RODOVIA BR 290,20694.58560804068,137.0,87.0,-50.0,-36.496350364963504,47.0,50.0,3.0,6.382978723404255,0.006620089070388052,0.004203998168786574,27.73722627737226,,4.37956204379562,19.54022988505747,perda forte,perda forte,0,0,1,47.27438990326147,> 10 km,SE,SE (azimute 123°),-29.9391693548786,muito abaixo da média,muito abaixo da média,False,-5.0675049493016395,abaixo da média,perto da média,True
AC145,1:1,1,1,432240035000004,432240035000004,Rural,Vertentes,,distrito Vertentes — ACESSO BRETE BIROCAI,ACESSO BRETE BIROCAI,13595.869725580364,98.0,128.0,30.0,30.612244897959183,39.0,53.0,14.0,35.8974358974359,0.007208071420073621,0.009414623895606362,18.367346938775512,22.65625,14.285714285714286,12.5,ganho forte,ganho forte,0,0,0,84.42692259033251,> 10 km,SE,L (azimute 109°),37.16942590804409,muito acima da média,muito acima da média,True,24.446952224730005,muito acima da média,muito acima da média,True
AC146,1:1,1,1,432240035000006,432240035000006,Rural,Vertentes,,distrito Vertentes — ESTRADA UR 305,ESTRADA UR 305,22234.478235550803,85.0,108.0,23.0,27.058823529411764,30.0,45.0,15.0,50.0,0.003822891596533762,0.004857321087360545,23.529411764705884,23.14814814814815,9.411764705882353,12.037037037037036,ganho forte,ganho forte,0,0,0,63.148489747074905,> 10 km,SE,SE (azimute 128°),33.61600453949667,muito acima da média,muito acima da média,True,38.54951632729411,muito acima da média,muito acima da média,True
AC147,1:1,1,1,432240035000007,432240035000007,Rural,Vertentes,,distrito Vertentes — ACESSO CAMOATY,ACESSO CAMOATY,28317.90467371223,158.0,98.0,-60.0,-37.9746835443038,55.0,34.0,-21.0,-38.18181818181818,0.0055795088591661535,0.0034607080265714116,18.354430379746834,24.489795918367346,3.1645569620253164,,perda forte,perda forte,0,0,1,47.969741869787526,> 10 km,SE,SE (azimute 139°),-31.417502534218897,muito abaixo da média,muito abaixo da média,False,-49.63230185452407,muito abaixo da média,muito abaixo da média,False
AC148,2:2,2,2,432240035000001;432240035000005,432240035000008;432240035000010,Rural,Vertentes,,distrito Vertentes — ESTRADA BR 290,ESTRADA BR 290,14676.981625756944,141.0,173.0,32.0,22.69503546099291,45.0,74.0,29.0,64.44444444444444,0.009606879915455923,0.01178716471896365,21.98581560283688,,12.056737588652481,12.716763005780347,ganho forte,ganho forte,1,0,1,63.07130953978548,> 10 km,SE,SE (azimute 119°),29.252216471077812,muito acima da média,muito acima da média,True,52.99396077173855,muito acima da média,muito acima da média,True
