cod_distrito,distrito,situacao,2000,2010,2022,var_pct_2000_2010,var_pct_2010_2022,tgca_pct_2010_2022
432240005,Uruguaiana,Rural,3331.0,3531.0,3288.0,6.0,-6.88,-0.592
432240005,Uruguaiana,Total,120493.0,119820.0,112545.0,-0.56,-6.07,-0.521
432240005,Uruguaiana,Urbana,117162.0,116289.0,109257.0,-0.75,-6.05,-0.518
432240020,João Arregui,Rural,692.0,701.0,537.0,1.3,-23.4,-2.196
432240020,João Arregui,Total,904.0,890.0,695.0,-1.55,-21.91,-2.04
432240020,João Arregui,Urbana,212.0,189.0,158.0,-10.85,-16.4,-1.482
432240025,Plano Alto,Rural,1286.0,1037.0,938.0,-19.36,-9.55,-0.833
432240025,Plano Alto,Total,1793.0,1452.0,1272.0,-19.02,-12.4,-1.097
432240025,Plano Alto,Urbana,507.0,415.0,334.0,-18.15,-19.52,-1.793
432240030,São Marcos,Rural,2296.0,2065.0,520.0,-10.06,-74.82,-10.856
432240030,São Marcos,Total,2941.0,2587.0,2043.0,-12.04,-21.03,-1.948
432240030,São Marcos,Urbana,645.0,522.0,1523.0,-19.07,191.76,9.333
432240035,Vertentes,Rural,793.0,686.0,655.0,-13.49,-4.52,-0.385
432240035,Vertentes,Total,805.0,686.0,655.0,-14.78,-4.52,-0.385
432240035,Vertentes,Urbana,12.0,0.0,0.0,-100.0,,
