id,tema,fonte,documento,pagina,escala,tipo_de_figura,parametros,produto,epsg,pixel_m,residuo_max_m,situacao,autorizacao,data_extracao,observacao
V001,manchas_inundacao_tr,"Defesa Civil do RS — Previsão de eventos hidrológicos críticos; Rhama Analysis e Simepar (mapa de nov/2025, escala 1:23.000)",Manchas de inundação — Município de Uruguaiana — Rio Uruguai,4,1:23.000,imagem com grade de coordenadas,scripts/vetorizacao/parametros/manchas-inundacao_defesacivil-rs-rhama_2025.json,data/processed/vetorizado/manchas-inundacao_defesacivil-rs-rhama_2025_tr2-1000_extraido-de-figura.gpkg,31981,2.538 x 2.908,1.8,conferido,pendente,2026-10-03,"conferido pelo responsável em 2026-10-03; regerado na rodada 15 com a correção de meio pixel; 8 manchas cumulativas por tempo de retorno (2 a 1000 anos); o quadro do mapa só cobre a sede; a classe de 2 anos inclui o leito do rio; não oficial, fora do portal"
V002,perigo_inundacao_tr,"Aimon (2017), dissertação de mestrado em Geografia, UFSM — Figura 27, mapa geral de perigo a inundação (tempos de retorno de 2, 5, 25 e 100 anos)","AIMON, J. G. S. Análise espaço-temporal do risco à inundação na área urbana do município de Uruguaiana/RS. Dissertação (Mestrado em Geografia) — UFSM, 2017. Figura 27 — Mapa geral de perigo a inundação",73,1:10.000 (declarada no mapa),imagem com grade de coordenadas,scripts/vetorizacao/parametros/perigo-inundacao_aimon-ufsm_2017.json,data/processed/vetorizado/perigo-inundacao_aimon-ufsm_2017_tr2-100_extraido-de-figura.gpkg,31981,6.098 x 6.088,2.6,extraído,pendente,2026-10-03,"pendente de conferência; manchas cumulativas por tempo de retorno (2, 5, 25 e 100 anos), com o leito do rio como classe 0; caixa de legenda excluída do quadro; não oficial, fora do portal"
V003,mancha_inundacao_observada,"Aimon (2017), dissertação de mestrado em Geografia, UFSM — Figura 25, mancha da inundação de 7/7/2014 (vetorizada pelo autor sobre imagem do Google Earth)","AIMON, J. G. S. Análise espaço-temporal do risco à inundação na área urbana do município de Uruguaiana/RS. Dissertação (Mestrado em Geografia) — UFSM, 2017. Figura 25 — Mapa da mancha de inundação (legenda do mapa: inundação de 7/7/2014, vetorizada sobre imagem do Google Earth)",69,1:10.000 (declarada no mapa),imagem com grade de coordenadas; classe em hachura,scripts/vetorizacao/parametros/mancha-inundacao-observada_aimon-ufsm_2014-07-07.json,data/processed/vetorizado/mancha-inundacao-observada_aimon-ufsm_2014-07-07_extraido-de-figura.gpkg,31981,6.152 x 6.07,2.9,extraído,pendente,2026-10-03,"pendente de conferência; cheia de 07/07/2014, classe em hachura (contorno menos preciso que o das classes por cor); leito do rio em classe própria; não oficial, fora do portal"
V004,suscetibilidade_inundacao,"Aimon (2017), dissertação de mestrado em Geografia, UFSM — Figura 26, mapa de suscetibilidade à inundação (área até a cota de 53,02 m, da cheia de 19/07/1983, sobre modelo de terreno das curvas de nível 1:2.000 do Plano Diretor)","AIMON, J. G. S. Análise espaço-temporal do risco à inundação na área urbana do município de Uruguaiana/RS. Dissertação (Mestrado em Geografia) — UFSM, 2017. Figura 26 — Mapa de suscetibilidade à inundação (área até a cota de 53,02 m, registrada em 19/07/1983)",71,1:10.000 (declarada no mapa),imagem com grade de coordenadas,scripts/vetorizacao/parametros/suscetibilidade-inundacao_aimon-ufsm_2017.json,data/processed/vetorizado/suscetibilidade-inundacao_aimon-ufsm_2017_cota-53-02m_extraido-de-figura.gpkg,31981,6.073 x 6.059,3.5,extraído,pendente,2026-10-03,"pendente de conferência; área até a cota de 53,02 m (cheia de 19/07/1983) e área não suscetível, que dá o domínio coberto pelo modelo de terreno do estudo; não oficial, fora do portal"
V005,zoneamento_risco_inundacao,"Righi (2016), tese de doutorado em Geografia, UFRGS — Figura 7.1, mapa de risco a inundações (zoneamento de risco alto, médio e baixo; perigo pelas cotas de 49,26 m, 51,76 m e 53,91 m, TR de 10, 20 e 100 anos)","RIGHI, E. Metodologia para zoneamento de risco a inundações graduais. Tese (Doutorado em Geografia) — UFRGS, 2016. Figura 7.1 — Mapa de risco a inundações (área urbana de Uruguaiana)",162,não declarada,imagem com grade de coordenadas (mapa deitado na página),scripts/vetorizacao/parametros/zoneamento-risco-inundacao_righi-ufrgs_2016.json,data/processed/vetorizado/zoneamento-risco-inundacao_righi-ufrgs_2016_extraido-de-figura.gpkg,31981,3.747 x 3.745,0.6,extraído,pendente,2026-10-03,"pendente de conferência; zonas de risco alto, médio e baixo (cumulativas), só a faixa urbana junto ao rio; mapa deitado na página (girado 90°); não oficial, fora do portal"
V006,curvas_de_nivel,"Plano Diretor de Uruguaiana, LC nº 3/2014, Mapa 10 (planta de 10/11/2013)","Uruguaiana. Lei Complementar nº 3/2014 — Mapa 10, modelo espacial urbano",1,sem escala na planta (1:9.309 no PDF),PDF vetorial de CAD (camadas preservadas),scripts/vetorizacao/parametros/plano-diretor_lc-3-2014_mapa-10.json,data/processed/vetorizado/curvas-nivel_plano-diretor-uruguaiana_2013_1m_extraido-de-pdf.gpkg,31981,,2.75,conferido,pendente,2026-10-04,"635,92 km de curvas de 1 em 1 m (47 a 82 m), todas com cota, dos quais 44,80 km cotados por suposição (sequência das vizinhas); 11 curvas sem cota descartadas (2,30 km); a planta não informa a referência de nível; conferido pelo responsável em 2026-10-04; não oficial; fora do portal por decisão do responsável"
V007,modelo_de_terreno,"Plano Diretor de Uruguaiana, LC nº 3/2014, Mapa 10 (planta de 10/11/2013)","Uruguaiana. Lei Complementar nº 3/2014 — Mapa 10, modelo espacial urbano",1,sem escala na planta (1:9.309 no PDF),PDF vetorial de CAD (camadas preservadas),scripts/vetorizacao/parametros/plano-diretor_lc-3-2014_mapa-10.json,data/processed/vetorizado/mdt_plano-diretor-uruguaiana_2013_5m_extraido-de-pdf.tif,31981,5,2.75,conferido,pendente,2026-10-04,"interpolado das curvas V006 (triangulação linear), e não levantamento; só a até 150 m de uma curva (32,451 km²); mesma referência de nível das curvas, não informada; conferido pelo responsável em 2026-10-04; não oficial; fora do portal por decisão do responsável"
V008,base_urbana,"Plano Diretor de Uruguaiana, LC nº 3/2014, Mapa 10 (planta de 10/11/2013)","Uruguaiana. Lei Complementar nº 3/2014 — Mapa 10, modelo espacial urbano",1,sem escala na planta (1:9.309 no PDF),PDF vetorial de CAD (camadas preservadas),scripts/vetorizacao/parametros/plano-diretor_lc-3-2014_mapa-10.json,data/processed/vetorizado/base-urbana_plano-diretor-uruguaiana_2013_vetorial_extraido-de-pdf.gpkg,31981,,2.75,conferido,pendente,2026-10-04,"quadras (822 faces fechadas), traços das quadras, bordo de via, ferrovia e o trecho do perímetro urbano que o Mapa 10 desenha (2,851 km); conferido pelo responsável em 2026-10-04; não oficial; fora do portal por decisão do responsável"
V009,linhas_de_cheia,"Plano Diretor de Uruguaiana, LC nº 3/2014, Mapa 10 (planta de 10/11/2013)","Uruguaiana. Lei Complementar nº 3/2014 — Mapa 10, modelo espacial urbano",1,sem escala na planta (1:9.309 no PDF),PDF vetorial de CAD (camadas preservadas),scripts/vetorizacao/parametros/plano-diretor_lc-3-2014_mapa-10.json,data/processed/vetorizado/linhas-de-cheia_plano-diretor-uruguaiana_2013_vetorial_extraido-de-pdf.gpkg,31981,,2.75,conferido,pendente,2026-10-04,"linha de enchente, cota de 53 m (dois dos quatro desenhos são traçado esquemático), limite da zona de risco e zona de risco, esta convertida de hachura; conferido pelo responsável em 2026-10-04; não oficial; fora do portal por decisão do responsável"
V010,zoneamento,"Plano Diretor de Uruguaiana, LC nº 3/2014, Mapa 13 (planta de 10/11/2013)","Plano Diretor de Uruguaiana (Lei Complementar nº 3/2014), Mapa 13 - Plano Regulador, uso e ocupação do solo urbano",1,sem escala na planta (1:9.309 no PDF),PDF vetorial de CAD (camadas preservadas),scripts/vetorizacao/parametros/plano-diretor_lc-3-2014_mapa-13.json,data/processed/vetorizado/zoneamento_plano-diretor-uruguaiana_2013_vetorial_extraido-de-pdf.gpkg,31981,,2.75,extraído,pendente,2026-10-04,"53 zonas com sigla (47,043 km²) e 85 rótulos lidos na planta; o contorno vem da hachura (cantos arredondados em poucos metros), e Zupe2, Zupe3, APP e zona rural ficam sem polígono; pendente de conferência; não oficial; fora do portal"
V011,sistema_viario,"Plano Diretor de Uruguaiana, LC nº 3/2014, Mapa 13 (planta de 10/11/2013)","Plano Diretor de Uruguaiana (Lei Complementar nº 3/2014), Mapa 13 - Plano Regulador, uso e ocupação do solo urbano",1,sem escala na planta (1:9.309 no PDF),PDF vetorial de CAD (camadas preservadas),scripts/vetorizacao/parametros/plano-diretor_lc-3-2014_mapa-13.json,data/processed/vetorizado/sistema-viario_plano-diretor-uruguaiana_2013_vetorial_extraido-de-pdf.gpkg,31981,,2.75,extraído,pendente,2026-10-04,"96 linhas (213,20 km) em oito classes, da via arterial à via férrea, inclusive vias projetadas e propostas; é o traço da planta sobre a via, e não o eixo levantado; pendente de conferência; não oficial; fora do portal"
V012,toponimia,"Plano Diretor de Uruguaiana, LC nº 3/2014, Mapa 13 (planta de 10/11/2013)","Plano Diretor de Uruguaiana (Lei Complementar nº 3/2014), Mapa 13 - Plano Regulador, uso e ocupação do solo urbano",1,sem escala na planta (1:9.309 no PDF),PDF vetorial de CAD (camadas preservadas),scripts/vetorizacao/parametros/plano-diretor_lc-3-2014_mapa-13.json,data/processed/vetorizado/toponimia_plano-diretor-uruguaiana_2013_vetorial_extraido-de-pdf.gpkg,31981,,2.75,extraído,pendente,2026-10-04,"49 nomes de lugares (25 de bairro ou vila, 17 de equipamento ou referência, 7 de hidrografia) e 236 nomes de ruas, como pontos, na grafia da planta; só nomes, porque o Plano não desenha limite de bairro; pendente de conferência; não oficial; fora do portal"
V013,areas_verdes_e_patrimonio,"Plano Diretor de Uruguaiana, LC nº 3/2014, Mapa 13 (planta de 10/11/2013)","Plano Diretor de Uruguaiana (Lei Complementar nº 3/2014), Mapa 13 - Plano Regulador, uso e ocupação do solo urbano",1,sem escala na planta (1:9.309 no PDF),PDF vetorial de CAD (camadas preservadas),scripts/vetorizacao/parametros/plano-diretor_lc-3-2014_mapa-13.json,data/processed/vetorizado/areas-verdes-e-patrimonio_plano-diretor-uruguaiana_2013_vetorial_extraido-de-pdf.gpkg,31981,,2.75,extraído,pendente,2026-10-04,"56 praças, parques e equipamentos especiais (0,548 km², da hachura) e 20 imóveis tombados ou inventariados como pontos; o ponto é a posição do símbolo, não a do prédio; pendente de conferência; não oficial; fora do portal"
V014,ocupacao_urbana,"Plano Diretor de Uruguaiana, LC nº 3/2014, Mapa 6 (planta de 10/11/2013)","Plano Diretor de Uruguaiana (Lei Complementar nº 3/2014), Mapa 6 - Estratégias 2040, consolidação urbana",1,sem escala na planta (1:9.309 no PDF),PDF vetorial de CAD (camadas preservadas),scripts/vetorizacao/parametros/plano-diretor_lc-3-2014_mapa-06.json,data/processed/vetorizado/ocupacao-urbana_plano-diretor-uruguaiana_2013_vetorial_extraido-de-pdf.gpkg,31981,,2.75,extraído,pendente,2026-10-04,"89 assentamentos irregulares (0,722 km²) e 31 vazios urbanos (12,64 km²), como desenhados na planta; é a situação de 2013, e os assentamentos pequenos são círculos; pendente de conferência; não oficial; fora do portal"
V015,industrias_do_arroz_e_transportadoras,"Plano Diretor de Uruguaiana, LC nº 3/2014, Mapa 4 (planta de 10/11/2013)","Plano Diretor de Uruguaiana (Lei Complementar nº 3/2014), Mapa 4 - Estratégias 2040, valorização ambiental",1,sem escala na planta (1:9.309 no PDF),PDF vetorial de CAD (camadas preservadas),scripts/vetorizacao/parametros/plano-diretor_lc-3-2014_mapa-04.json,data/processed/vetorizado/industrias-do-arroz-e-transportadoras_plano-diretor-uruguaiana_2013_vetorial_extraido-de-pdf.gpkg,31981,,2.75,extraído,pendente,2026-10-04,"37 indústrias do arroz e 104 transportadoras, um ponto por símbolo (situação de 2013); o ponto é a posição do símbolo e indica o lote ou a quadra, não o prédio; pendente de conferência; não oficial; fora do portal"
V016,equipamentos_de_mobilidade,"Plano Diretor de Uruguaiana, LC nº 3/2014, Mapa 2 (planta de 10/11/2013)","Plano Diretor de Uruguaiana (Lei Complementar nº 3/2014), Mapa 2 - Estratégias 2040, mobilidade e transporte de cargas",1,sem escala na planta (1:9.309 no PDF),PDF vetorial de CAD (camadas preservadas),scripts/vetorizacao/parametros/plano-diretor_lc-3-2014_mapa-02.json,data/processed/vetorizado/equipamentos-de-mobilidade_plano-diretor-uruguaiana_2013_vetorial_extraido-de-pdf.gpkg,31981,,2.75,extraído,pendente,2026-10-04,"9 equipamentos de mobilidade e de transporte de cargas, com o nome lido na planta; o ponto é o centro do círculo que a planta desenha, isto é, a posição do símbolo, não a do prédio; pendente de conferência; não oficial; fora do portal"
V017,hidrografia,"Plano Diretor de Uruguaiana, LC nº 3/2014, Mapa 10 (planta de 10/11/2013)","Plano Diretor de Uruguaiana (Lei Complementar nº 3/2014), Mapa 10",1,sem escala na planta (1:9.309 no PDF),PDF vetorial de CAD (camadas preservadas),scripts/vetorizacao/parametros/plano-diretor_lc-3-2014_mapa-10-hidrografia.json,data/processed/vetorizado/hidrografia_plano-diretor-uruguaiana_2013_vetorial_extraido-de-pdf.gpkg,31981,,2.75,extraído,pendente,2026-10-04,"116 linhas de água (153,40 km; vala, arroio, margem e contorno no mesmo traço da planta), 66 corpos d'água (2,08 km²: 14 de rio, arroio ou lagoa; 27 açudes ou lagoas; 4 lagoas da estação de tratamento de esgoto; 11 banhados; 10 só com contorno) e 77 polígonos de mata ciliar (2,01 km²); situação de 2013; pendente de conferência; não oficial; fora do portal"
